id,key,title,year,url,access,tags
R10,Axelrod1997,The dissemination of culture: A model with local convergence and global polarization,1997,https://doi.org/10.1177/0022002797041002001,Publisher abstract and metadata. Used for the agent-based cultural-modeling precedent; simulations not reproduced.,culture;agent-based-modeling;access/abstract
R13,BenzmullerEtAl2020,"Designing normative theories for ethical and legal reasoning: LogiKEy framework, methodology, and tool support",2020,https://arxiv.org/abs/1903.10187v6,Primary arXiv abstract and revision metadata. Uses the inspected 2020 version; the original preprint appeared in 2019. No implementation audit.,normative-reasoning;formal-methods;access/abstract
R07,FinkelFougeaLeRoux2025,An automata-based method to formalize psychological theories: The case study of Lazarus and Folkman's stress theory,2025,https://arxiv.org/abs/2501.05185,Primary preprint abstract and metadata. Used to establish a formalization precedent; no reconstruction of the full method.,formal-methods;psychology;automata;access/abstract
R12,FlemingLau2014,How to measure metacognition,2014,https://doi.org/10.3389/fnhum.2014.00443,"Publisher full-text sections on sensitivity, bias, and measurement limitations. Used for construct distinctions; no new meta-d-prime fitting performed.",metacognition;measurement;access/selected-full-text
R18,FormalizingSoftSciences2026,"How we formalized questions about society: A reader's guide to 67 Lean proofs, their theory, and their limits",2026,,Complete baseline book recovered from the project's supplied document archive; prose and source appendix inspected. The expanded monograph preserves its theorem identities and develops the exposition.,baseline-book;project-provenance
R04,GuestMartin2021,How computational modeling can force theory building in psychological science,2021,https://doi.org/10.1177/1745691620970585,Publisher abstract and metadata; bibliographic details checked against PubMed and author institutional record. Full article not reviewed.,mathematical-psychology;theory-building;access/abstract
R08,HeathEtAl2008,Probabilistic model checking of complex biological pathways,2008,https://doi.org/10.1016/j.tcs.2007.11.013,"Author-hosted PDF abstract, introduction, and selected reduction-method sections; journal metadata checked against institutional record. No numerical reproduction.",biology;model-checking;access/selected-full-text
R09,HollidayNormanPacuit2021,Voting theory in the Lean theorem prover,2021,https://arxiv.org/abs/2110.08453,Primary postprint abstract and metadata. The underlying published conference paper is identified by the authors; cited here via its inspected postprint. No independent rebuild.,social-choice;Lean;access/abstract
R17,HRAFND,Sampling for cross-cultural anthropological research,n.d.,https://hraf.yale.edu/advanced-ccc/8.%20Sampling%20for%20Cross-Cultural%20Anthropological%20Research/sampling.html,Official methods-page descriptions. Embedded lectures and slides were not fully reviewed; used as a methods gateway.,ethnology;cross-cultural-methods;official-resource
R06,HuysMaiaFrank2016,Computational psychiatry as a bridge from neuroscience to clinical applications,2016,https://doi.org/10.1038/nn.4238,Abstract and selected full-text sections in PMC concerning data-driven and theory-driven approaches. Clinical effect estimates were not extracted for the synthesis.,computational-psychiatry;access/selected-full-text
R02,LeanProjectND,Validating a Lean proof,n.d.,https://lean-lang.org/doc/reference/latest/ValidatingProofs/,"Official manual sections on kernel acceptance, axiom printing, statement meaning, and stronger verification methods. Current manual; project runtime is separately pinned to 4.19.0.",formal-methods;verification;official-documentation
R20,PageEtAl2021,The PRISMA 2020 statement: An updated guideline for reporting systematic reviews,2021,https://doi.org/10.1136/bmj.n71,"Primary publisher abstract and bibliographic metadata, with PubMed author-list cross-check. Used for the stated purpose of the appraisal/reporting instrument.",research-methods;critical-appraisal;access/abstract
R11,ReadFischerLeaf2013,"What are kinship terminologies, and why do we care? A computational approach to analyzing symbolic domains",2013,https://doi.org/10.1177/0894439312455914,"Publisher abstract and bibliographic metadata; 2013 issue year confirmed, first online 2012. Full text restricted.",computational-anthropology;kinship;access/abstract
R15,RenEtAl2025,DeepSeek-Prover-V2: Advancing formal mathematical reasoning via reinforcement learning for subgoal decomposition,2025,https://arxiv.org/abs/2504.21801,"Primary preprint abstract and metadata, including revised author list. Used for method precedent; no independent model evaluation.",ai-training;reinforcement-learning;access/abstract
R16,ShaliziThomas2011,Homophily and contagion are generically confounded in observational social network studies,2011,https://doi.org/10.1177/0049124111404820,Primary arXiv abstract and journal metadata. The full paper's mathematics was not independently audited.,causal-inference;social-networks;access/abstract
R19,SheaEtAl2017,"AMSTAR 2: A critical appraisal tool for systematic reviews that include randomised or non-randomised studies of healthcare interventions, or both",2017,https://doi.org/10.1136/bmj.j4008,"Primary publisher abstract and bibliographic metadata, with PubMed author-list cross-check. Used for the stated purpose of the appraisal/reporting instrument.",research-methods;critical-appraisal;access/abstract
R03,MathPsychND,Society for Mathematical Psychology,n.d.,https://mathpsych.org/,Official society description and journal/conference links.,mathematical-psychology;field-definition
R01,Sodelin2026,Formalizing Soft Sciences,2026,https://github.com/Sodelin/Formalizing-Soft-Sciences/tree/780f1b83aef15a9cf455566bab9df2a47d738074,"Full source of seven theorem modules, complete audit, workflow, verification receipt, bibliography, and main-commit workflow status.",formal-methods;source-code;verification
R21,SterneEtAl2019,RoB 2: A revised tool for assessing risk of bias in randomised trials,2019,https://doi.org/10.1136/bmj.l4898,"Primary publisher abstract and bibliographic metadata, with PubMed author-list cross-check. Used for the stated purpose of the appraisal/reporting instrument.",research-methods;critical-appraisal;access/abstract
R05,WilsonCollins2019,Ten simple rules for the computational modeling of behavioral data,2019,https://doi.org/10.7554/eLife.49547,"Abstract, search-indexed captions and metadata. Direct publisher, PMC, and institutional full-text routes returned challenges; no full-text audit or reproduction.",computational-modeling;model-recovery;access/abstract
R14,XinEtAl2024,DeepSeek-Prover: Advancing theorem proving in LLMs through large-scale synthetic data,2024,https://arxiv.org/abs/2405.14333,Primary preprint abstract and metadata. Used to establish a verified-data training precedent; benchmark claims not independently reproduced.,ai-training;theorem-proving;access/abstract
