number,name,qualified_name,file,line,explanation,url
1,adj_symm,Solidarity.adj_symm,Solidarity.lean,14,a direct link goes both ways,https://github.com/Sodelin/Formalizing-Soft-Sciences/blob/780f1b83aef15a9cf455566bab9df2a47d738074/Solidarity.lean#L14
2,reach_trans,Solidarity.reach_trans,Solidarity.lean,16,two routes can be joined,https://github.com/Sodelin/Formalizing-Soft-Sciences/blob/780f1b83aef15a9cf455566bab9df2a47d738074/Solidarity.lean#L16
3,reach_symm,Solidarity.reach_symm,Solidarity.lean,21,a route can be reversed,https://github.com/Sodelin/Formalizing-Soft-Sciences/blob/780f1b83aef15a9cf455566bab9df2a47d738074/Solidarity.lean#L21
4,zero_reaches,Solidarity.zero_reaches,Solidarity.lean,27,every numbered position is reachable from zero,https://github.com/Sodelin/Formalizing-Soft-Sciences/blob/780f1b83aef15a9cf455566bab9df2a47d738074/Solidarity.lean#L27
5,path_connected,Solidarity.path_connected,Solidarity.lean,32,any two vertices are connected,https://github.com/Sodelin/Formalizing-Soft-Sciences/blob/780f1b83aef15a9cf455566bab9df2a47d738074/Solidarity.lean#L32
6,at_most_two_neighbors,Solidarity.at_most_two_neighbors,Solidarity.lean,36,local contact is tightly bounded,https://github.com/Sodelin/Formalizing-Soft-Sciences/blob/780f1b83aef15a9cf455566bab9df2a47d738074/Solidarity.lean#L36
7,unbounded_reachable,Solidarity.unbounded_reachable,Solidarity.lean,43,bounded local contact permits unbounded reach,https://github.com/Sodelin/Formalizing-Soft-Sciences/blob/780f1b83aef15a9cf455566bab9df2a47d738074/Solidarity.lean#L43
8,membership_nesting,Solidarity.membership_nesting,Solidarity.lean,50,inclusion is transitive,https://github.com/Sodelin/Formalizing-Soft-Sciences/blob/780f1b83aef15a9cf455566bab9df2a47d738074/Solidarity.lean#L50
9,overlapping_memberships,Solidarity.overlapping_memberships,Solidarity.lean,55,groups can overlap without being identical,https://github.com/Sodelin/Formalizing-Soft-Sciences/blob/780f1b83aef15a9cf455566bab9df2a47d738074/Solidarity.lean#L55
10,connected_without_trust,Solidarity.connected_without_trust,Solidarity.lean,68,a connection does not entail trust,https://github.com/Sodelin/Formalizing-Soft-Sciences/blob/780f1b83aef15a9cf455566bab9df2a47d738074/Solidarity.lean#L68
11,cooperation_stable_iff,Solidarity.cooperation_stable_iff,Solidarity.lean,85,the exact incentive threshold,https://github.com/Sodelin/Formalizing-Soft-Sciences/blob/780f1b83aef15a9cf455566bab9df2a47d738074/Solidarity.lean#L85
12,no_sanction_failure,Solidarity.no_sanction_failure,Solidarity.lean,95,removing the sanction changes this game's incentive,https://github.com/Sodelin/Formalizing-Soft-Sciences/blob/780f1b83aef15a9cf455566bab9df2a47d738074/Solidarity.lean#L95
13,heterogeneous_cooperation_exists,Solidarity.heterogeneous_cooperation_exists,Solidarity.lean,102,different labels can coexist with stable cooperation,https://github.com/Sodelin/Formalizing-Soft-Sciences/blob/780f1b83aef15a9cf455566bab9df2a47d738074/Solidarity.lean#L102
14,homogeneous_cooperation_can_fail,Solidarity.homogeneous_cooperation_can_fail,Solidarity.lean,108,identical labels do not guarantee cooperation,https://github.com/Sodelin/Formalizing-Soft-Sciences/blob/780f1b83aef15a9cf455566bab9df2a47d738074/Solidarity.lean#L108
15,symbols_alone_insufficient,Solidarity.symbols_alone_insufficient,Solidarity.lean,114,a shared marker changes nothing if it changes no mechanism,https://github.com/Sodelin/Formalizing-Soft-Sciences/blob/780f1b83aef15a9cf455566bab9df2a47d738074/Solidarity.lean#L114
16,mutual_gain,Solidarity.mutual_gain,Solidarity.lean,120,both can do better under mutual contribution,https://github.com/Sodelin/Formalizing-Soft-Sciences/blob/780f1b83aef15a9cf455566bab9df2a47d738074/Solidarity.lean#L120
17,common_intercept_preserves_order,SocialScience.Measurement.common_intercept_preserves_order,SocialScience/Measurement.lean,8,a shared offset preserves ranking,https://github.com/Sodelin/Formalizing-Soft-Sciences/blob/780f1b83aef15a9cf455566bab9df2a47d738074/SocialScience/Measurement.lean#L8
18,common_intercept_preserves_difference,SocialScience.Measurement.common_intercept_preserves_difference,SocialScience/Measurement.lean,13,a shared offset preserves the gap,https://github.com/Sodelin/Formalizing-Soft-Sciences/blob/780f1b83aef15a9cf455566bab9df2a47d738074/SocialScience/Measurement.lean#L13
19,shift_invariance,SocialScience.Measurement.shift_invariance,SocialScience/Measurement.lean,18,the origin can move without changing an observation,https://github.com/Sodelin/Formalizing-Soft-Sciences/blob/780f1b83aef15a9cf455566bab9df2a47d738074/SocialScience/Measurement.lean#L18
20,population_shift_invariance,SocialScience.Measurement.population_shift_invariance,SocialScience/Measurement.lean,23,more people do not automatically fix the origin,https://github.com/Sodelin/Formalizing-Soft-Sciences/blob/780f1b83aef15a9cf455566bab9df2a47d738074/SocialScience/Measurement.lean#L23
21,known_intercept_identifies,SocialScience.Measurement.known_intercept_identifies,SocialScience/Measurement.lean,30,a fixed intercept removes one ambiguity,https://github.com/Sodelin/Formalizing-Soft-Sciences/blob/780f1b83aef15a9cf455566bab9df2a47d738074/SocialScience/Measurement.lean#L30
22,anchor_identifies_intercept,SocialScience.Measurement.anchor_identifies_intercept,SocialScience/Measurement.lean,35,a fixed latent anchor can calibrate an offset,https://github.com/Sodelin/Formalizing-Soft-Sciences/blob/780f1b83aef15a9cf455566bab9df2a47d738074/SocialScience/Measurement.lean#L35
23,group_intercepts_can_reverse_order,SocialScience.Measurement.group_intercepts_can_reverse_order,SocialScience/Measurement.lean,41,measurement differences can reverse a comparison,https://github.com/Sodelin/Formalizing-Soft-Sciences/blob/780f1b83aef15a9cf455566bab9df2a47d738074/SocialScience/Measurement.lean#L41
24,bounded_bias_interval,SocialScience.Measurement.bounded_bias_interval,SocialScience/Measurement.lean,45,turn a bias assumption into a sensitivity interval,https://github.com/Sodelin/Formalizing-Soft-Sciences/blob/780f1b83aef15a9cf455566bab9df2a47d738074/SocialScience/Measurement.lean#L45
25,difference_exceeding_bias_identifies_order,SocialScience.Measurement.difference_exceeding_bias_identifies_order,SocialScience/Measurement.lean,52,a sufficiently large gap fixes the sign,https://github.com/Sodelin/Formalizing-Soft-Sciences/blob/780f1b83aef15a9cf455566bab9df2a47d738074/SocialScience/Measurement.lean#L52
26,equivalent_refl,SocialScience.Identifiability.equivalent_refl,SocialScience/Identifiability.lean,13,a candidate agrees with itself,https://github.com/Sodelin/Formalizing-Soft-Sciences/blob/780f1b83aef15a9cf455566bab9df2a47d738074/SocialScience/Identifiability.lean#L13
27,equivalent_symm,SocialScience.Identifiability.equivalent_symm,SocialScience/Identifiability.lean,17,indistinguishability goes both ways,https://github.com/Sodelin/Formalizing-Soft-Sciences/blob/780f1b83aef15a9cf455566bab9df2a47d738074/SocialScience/Identifiability.lean#L17
28,equivalent_trans,SocialScience.Identifiability.equivalent_trans,SocialScience/Identifiability.lean,21,chains of exact agreement remain equivalent,https://github.com/Sodelin/Formalizing-Soft-Sciences/blob/780f1b83aef15a9cf455566bab9df2a47d738074/SocialScience/Identifiability.lean#L21
29,restrict_design,SocialScience.Identifiability.restrict_design,SocialScience/Identifiability.lean,26,discarding probes cannot distinguish previously identical predictions,https://github.com/Sodelin/Formalizing-Soft-Sciences/blob/780f1b83aef15a9cf455566bab9df2a47d738074/SocialScience/Identifiability.lean#L26
30,more_probes_preserve_identification,SocialScience.Identifiability.more_probes_preserve_identification,SocialScience/Identifiability.lean,31,adding exact probes retains existing identification,https://github.com/Sodelin/Formalizing-Soft-Sciences/blob/780f1b83aef15a9cf455566bab9df2a47d738074/SocialScience/Identifiability.lean#L31
31,postprocess_preserves_equivalence,SocialScience.Identifiability.postprocess_preserves_equivalence,SocialScience/Identifiability.lean,37,recoding identical outputs cannot create information,https://github.com/Sodelin/Formalizing-Soft-Sciences/blob/780f1b83aef15a9cf455566bab9df2a47d738074/SocialScience/Identifiability.lean#L37
32,baseline_ambiguous,SocialScience.Identifiability.baseline_ambiguous,SocialScience/Identifiability.lean,47,a sum admits distinct explanations,https://github.com/Sodelin/Formalizing-Soft-Sciences/blob/780f1b83aef15a9cf455566bab9df2a47d738074/SocialScience/Identifiability.lean#L47
33,baseline_not_identified,SocialScience.Identifiability.baseline_not_identified,SocialScience/Identifiability.lean,53,no exact recovery of both components from this design,https://github.com/Sodelin/Formalizing-Soft-Sciences/blob/780f1b83aef15a9cf455566bab9df2a47d738074/SocialScience/Identifiability.lean#L53
34,both_probes_identify,SocialScience.Identifiability.both_probes_identify,SocialScience/Identifiability.lean,60,a discriminating second observation resolves the example,https://github.com/Sodelin/Formalizing-Soft-Sciences/blob/780f1b83aef15a9cf455566bab9df2a47d738074/SocialScience/Identifiability.lean#L60
35,observational_equivalence,SocialScience.Causality.observational_equivalence,SocialScience/Causality.lean,23,the two causal stories produce the same observed mapping,https://github.com/Sodelin/Formalizing-Soft-Sciences/blob/780f1b83aef15a9cf455566bab9df2a47d738074/SocialScience/Causality.lean#L23
36,intervention_disagreement,SocialScience.Causality.intervention_disagreement,SocialScience/Causality.lean,27,forcing treatment separates the stories,https://github.com/Sodelin/Formalizing-Soft-Sciences/blob/780f1b83aef15a9cf455566bab9df2a47d738074/SocialScience/Causality.lean#L27
37,treatment_effect_numerator,SocialScience.Causality.treatment_effect_numerator,SocialScience/Causality.lean,30,the treatment-driven model has numerator two,https://github.com/Sodelin/Formalizing-Soft-Sciences/blob/780f1b83aef15a9cf455566bab9df2a47d738074/SocialScience/Causality.lean#L30
38,common_cause_numerator,SocialScience.Causality.common_cause_numerator,SocialScience/Causality.lean,32,the background-driven model has numerator zero,https://github.com/Sodelin/Formalizing-Soft-Sciences/blob/780f1b83aef15a9cf455566bab9df2a47d738074/SocialScience/Causality.lean#L32
39,no_universal_observational_estimator,SocialScience.Causality.no_universal_observational_estimator,SocialScience/Causality.lean,35,equal inputs cannot yield two different correct effects,https://github.com/Sodelin/Formalizing-Soft-Sciences/blob/780f1b83aef15a9cf455566bab9df2a47d738074/SocialScience/Causality.lean#L35
40,all_responses_identify,SocialScience.Causality.all_responses_identify,SocialScience/Causality.lean,47,a complete exact response table fixes this model,https://github.com/Sodelin/Formalizing-Soft-Sciences/blob/780f1b83aef15a9cf455566bab9df2a47d738074/SocialScience/Causality.lean#L47
41,fits_empty,SocialScience.Learning.fits_empty,SocialScience/Learning.lean,9,no observations exclude no hypotheses,https://github.com/Sodelin/Formalizing-Soft-Sciences/blob/780f1b83aef15a9cf455566bab9df2a47d738074/SocialScience/Learning.lean#L9
42,fits_cons_iff,SocialScience.Learning.fits_cons_iff,SocialScience/Learning.lean,13,one new example adds one exact constraint,https://github.com/Sodelin/Formalizing-Soft-Sciences/blob/780f1b83aef15a9cf455566bab9df2a47d738074/SocialScience/Learning.lean#L13
43,fits_append_iff,SocialScience.Learning.fits_append_iff,SocialScience/Learning.lean,29,fitting combined evidence means fitting both parts,https://github.com/Sodelin/Formalizing-Soft-Sciences/blob/780f1b83aef15a9cf455566bab9df2a47d738074/SocialScience/Learning.lean#L29
44,more_evidence_narrows_models,SocialScience.Learning.more_evidence_narrows_models,SocialScience/Learning.lean,44,extra exact constraints cannot add fitting candidates,https://github.com/Sodelin/Formalizing-Soft-Sciences/blob/780f1b83aef15a9cf455566bab9df2a47d738074/SocialScience/Learning.lean#L44
45,truth_survives_correct_label,SocialScience.Learning.truth_survives_correct_label,SocialScience/Learning.lean,49,correct evidence preserves a fitting truth function,https://github.com/Sodelin/Formalizing-Soft-Sciences/blob/780f1b83aef15a9cf455566bab9df2a47d738074/SocialScience/Learning.lean#L49
46,distinguishing_query_eliminates_rival,SocialScience.Learning.distinguishing_query_eliminates_rival,SocialScience/Learning.lean,54,ask where the explanations disagree,https://github.com/Sodelin/Formalizing-Soft-Sciences/blob/780f1b83aef15a9cf455566bab9df2a47d738074/SocialScience/Learning.lean#L54
47,conflicting_labels_impossible,SocialScience.Learning.conflicting_labels_impossible,SocialScience/Learning.lean,60,a deterministic rule cannot give two unequal answers to one input,https://github.com/Sodelin/Formalizing-Soft-Sciences/blob/780f1b83aef15a9cf455566bab9df2a47d738074/SocialScience/Learning.lean#L60
48,incorrect_label_excludes_truth,SocialScience.Learning.incorrect_label_excludes_truth,SocialScience/Learning.lean,67,strict elimination is fragile to error,https://github.com/Sodelin/Formalizing-Soft-Sciences/blob/780f1b83aef15a9cf455566bab9df2a47d738074/SocialScience/Learning.lean#L67
49,duplicate_evidence_same_models,SocialScience.Learning.duplicate_evidence_same_models,SocialScience/Learning.lean,74,copying a list creates no new exact constraint,https://github.com/Sodelin/Formalizing-Soft-Sciences/blob/780f1b83aef15a9cf455566bab9df2a47d738074/SocialScience/Learning.lean#L74
50,adding_members_preserves_feasibility,SocialScience.CollectiveAction.adding_members_preserves_feasibility,SocialScience/CollectiveAction.lean,17,existing task coverage survives adding people,https://github.com/Sodelin/Formalizing-Soft-Sciences/blob/780f1b83aef15a9cf455566bab9df2a47d738074/SocialScience/CollectiveAction.lean#L17
51,restricting_members_preserves_acceptance,SocialScience.CollectiveAction.restricting_members_preserves_acceptance,SocialScience/CollectiveAction.lean,25,removing members preserves remaining inequalities,https://github.com/Sodelin/Formalizing-Soft-Sciences/blob/780f1b83aef15a9cf455566bab9df2a47d738074/SocialScience/CollectiveAction.lean#L25
52,union_accepts_iff,SocialScience.CollectiveAction.union_accepts_iff,SocialScience/CollectiveAction.lean,30,acceptance over a union decomposes,https://github.com/Sodelin/Formalizing-Soft-Sciences/blob/780f1b83aef15a9cf455566bab9df2a47d738074/SocialScience/CollectiveAction.lean#L30
53,indispensable_member_withdrawal,SocialScience.CollectiveAction.indispensable_member_withdrawal,SocialScience/CollectiveAction.lean,41,excluding the only possible provider leaves a gap,https://github.com/Sodelin/Formalizing-Soft-Sciences/blob/780f1b83aef15a9cf455566bab9df2a47d738074/SocialScience/CollectiveAction.lean#L41
54,complementary_pair_feasible,SocialScience.CollectiveAction.complementary_pair_feasible,SocialScience/CollectiveAction.lean,52,two specialists can cover two roles together,https://github.com/Sodelin/Formalizing-Soft-Sciences/blob/780f1b83aef15a9cf455566bab9df2a47d738074/SocialScience/CollectiveAction.lean#L52
55,no_specialist_alone_feasible,SocialScience.CollectiveAction.no_specialist_alone_feasible,SocialScience/CollectiveAction.lean,56,neither role covers the whole system,https://github.com/Sodelin/Formalizing-Soft-Sciences/blob/780f1b83aef15a9cf455566bab9df2a47d738074/SocialScience/CollectiveAction.lean#L56
56,aggregate_surplus_not_participation,SocialScience.CollectiveAction.aggregate_surplus_not_participation,SocialScience/CollectiveAction.lean,72,a good total can conceal a losing participant,https://github.com/Sodelin/Formalizing-Soft-Sciences/blob/780f1b83aef15a9cf455566bab9df2a47d738074/SocialScience/CollectiveAction.lean#L72
57,repaired_allocation_ready,SocialScience.CollectiveAction.repaired_allocation_ready,SocialScience/CollectiveAction.lean,81,changing the split can satisfy both constraints,https://github.com/Sodelin/Formalizing-Soft-Sciences/blob/780f1b83aef15a9cf455566bab9df2a47d738074/SocialScience/CollectiveAction.lean#L81
58,two_person_budget_iff,SocialScience.CollectiveAction.two_person_budget_iff,SocialScience/CollectiveAction.lean,88,total affordability characterizes existence of an acceptable split,https://github.com/Sodelin/Formalizing-Soft-Sciences/blob/780f1b83aef15a9cf455566bab9df2a47d738074/SocialScience/CollectiveAction.lean#L88
59,acceptable_share_interval,SocialScience.CollectiveAction.acceptable_share_interval,SocialScience/CollectiveAction.lean,96,characterize every acceptable first share,https://github.com/Sodelin/Formalizing-Soft-Sciences/blob/780f1b83aef15a9cf455566bab9df2a47d738074/SocialScience/CollectiveAction.lean#L96
60,reversal_cells_valid,SocialScience.Aggregation.reversal_cells_valid,SocialScience/Aggregation.lean,10,the example contains legitimate counts,https://github.com/Sodelin/Formalizing-Soft-Sciences/blob/780f1b83aef15a9cf455566bab9df2a47d738074/SocialScience/Aggregation.lean#L10
61,first_stratum_advantage,SocialScience.Aggregation.first_stratum_advantage,SocialScience/Aggregation.lean,14,A is ahead in the first context,https://github.com/Sodelin/Formalizing-Soft-Sciences/blob/780f1b83aef15a9cf455566bab9df2a47d738074/SocialScience/Aggregation.lean#L14
62,second_stratum_advantage,SocialScience.Aggregation.second_stratum_advantage,SocialScience/Aggregation.lean,18,A is ahead in the second context too,https://github.com/Sodelin/Formalizing-Soft-Sciences/blob/780f1b83aef15a9cf455566bab9df2a47d738074/SocialScience/Aggregation.lean#L18
63,pooled_reversal,SocialScience.Aggregation.pooled_reversal,SocialScience/Aggregation.lean,22,pooling puts B ahead,https://github.com/Sodelin/Formalizing-Soft-Sciences/blob/780f1b83aef15a9cf455566bab9df2a47d738074/SocialScience/Aggregation.lean#L22
64,simpson_reversal,SocialScience.Aggregation.simpson_reversal,SocialScience/Aggregation.lean,26,the three comparisons coexist,https://github.com/Sodelin/Formalizing-Soft-Sciences/blob/780f1b83aef15a9cf455566bab9df2a47d738074/SocialScience/Aggregation.lean#L26
65,equal_weight_addition_preserves_order,SocialScience.Aggregation.equal_weight_addition_preserves_order,SocialScience/Aggregation.lean,32,consistent unit weighting preserves two inequalities,https://github.com/Sodelin/Formalizing-Soft-Sciences/blob/780f1b83aef15a9cf455566bab9df2a47d738074/SocialScience/Aggregation.lean#L32
66,aggregate_cannot_identify_components,SocialScience.Aggregation.aggregate_cannot_identify_components,SocialScience/Aggregation.lean,36,the sum-only ambiguity is reused,https://github.com/Sodelin/Formalizing-Soft-Sciences/blob/780f1b83aef15a9cf455566bab9df2a47d738074/SocialScience/Aggregation.lean#L36
67,recoding_cannot_restore_components,SocialScience.Aggregation.recoding_cannot_restore_components,SocialScience/Aggregation.lean,41,relabeling a summary cannot recover the lost distinction,https://github.com/Sodelin/Formalizing-Soft-Sciences/blob/780f1b83aef15a9cf455566bab9df2a47d738074/SocialScience/Aggregation.lean#L41
