number,declaration,family,role,meaning,review_note,assumptions,scope,project_question,prior_relation,external_open_problem_closure,publication_route,source_commit,source_file,line,source_sha256,source_url,formal_signature
1,Solidarity.adj_symm,Solidarity,support,Symmetry of the successor/predecessor relation; supplies the undirected graph convention.,Symmetry of the successor/predecessor relation; supplies the undirected graph convention.,"Specified natural-number path, separate trust/labels, integer one-shot donation payoffs. No empirical behavioral conclusion.","Specified natural-number path, separate trust/labels, integer one-shot donation payoffs. No empirical behavioral conclusion.",Project solidarity specification,"Elementary graph, inclusion and payoff reasoning; original guide N01-N04 give broader formalization precedents.",not established,formalization and source-verification dossier,7835157627548823f03f29dd3987e55601807b55,Solidarity.lean,14,aaed9af2d500f38ae7b9e6a884cfcd2b38118593c05efbd11fa54cd6fbe70374,https://github.com/Sodelin/Formalizing-Soft-Sciences/blob/7835157627548823f03f29dd3987e55601807b55/Solidarity.lean#L14,theorem adj_symm {a b : Nat} (h : Adj a b) : Adj b a
2,Solidarity.reach_trans,Solidarity,support,Concatenation is proved by induction on the second path.,Concatenation is proved by induction on the second path.,"Specified natural-number path, separate trust/labels, integer one-shot donation payoffs. No empirical behavioral conclusion.","Specified natural-number path, separate trust/labels, integer one-shot donation payoffs. No empirical behavioral conclusion.",Project solidarity specification,"Elementary graph, inclusion and payoff reasoning; original guide N01-N04 give broader formalization precedents.",not established,formalization and source-verification dossier,7835157627548823f03f29dd3987e55601807b55,Solidarity.lean,16,aaed9af2d500f38ae7b9e6a884cfcd2b38118593c05efbd11fa54cd6fbe70374,https://github.com/Sodelin/Formalizing-Soft-Sciences/blob/7835157627548823f03f29dd3987e55601807b55/Solidarity.lean#L16,theorem reach_trans {a b c : Nat} (h : Reach a b) (g : Reach b c) : Reach a c
3,Solidarity.reach_symm,Solidarity,support,Path reversal follows from adjacency symmetry and concatenation.,Path reversal follows from adjacency symmetry and concatenation.,"Specified natural-number path, separate trust/labels, integer one-shot donation payoffs. No empirical behavioral conclusion.","Specified natural-number path, separate trust/labels, integer one-shot donation payoffs. No empirical behavioral conclusion.",Project solidarity specification,"Elementary graph, inclusion and payoff reasoning; original guide N01-N04 give broader formalization precedents.",not established,formalization and source-verification dossier,7835157627548823f03f29dd3987e55601807b55,Solidarity.lean,21,aaed9af2d500f38ae7b9e6a884cfcd2b38118593c05efbd11fa54cd6fbe70374,https://github.com/Sodelin/Formalizing-Soft-Sciences/blob/7835157627548823f03f29dd3987e55601807b55/Solidarity.lean#L21,theorem reach_symm {a b : Nat} (h : Reach a b) : Reach b a
4,Solidarity.zero_reaches,Solidarity,support,Induction reaches every natural number from zero.,Induction reaches every natural number from zero.,"Specified natural-number path, separate trust/labels, integer one-shot donation payoffs. No empirical behavioral conclusion.","Specified natural-number path, separate trust/labels, integer one-shot donation payoffs. No empirical behavioral conclusion.",Project solidarity specification,"Elementary graph, inclusion and payoff reasoning; original guide N01-N04 give broader formalization precedents.",not established,formalization and source-verification dossier,7835157627548823f03f29dd3987e55601807b55,Solidarity.lean,27,aaed9af2d500f38ae7b9e6a884cfcd2b38118593c05efbd11fa54cd6fbe70374,https://github.com/Sodelin/Formalizing-Soft-Sciences/blob/7835157627548823f03f29dd3987e55601807b55/Solidarity.lean#L27,theorem zero_reaches (n : Nat) : Reach 0 n
5,Solidarity.path_connected,Solidarity,endpoint,The natural-number ray is connected; finite paths join every pair.,The natural-number ray is connected; finite paths join every pair.,"Specified natural-number path, separate trust/labels, integer one-shot donation payoffs. No empirical behavioral conclusion.","Specified natural-number path, separate trust/labels, integer one-shot donation payoffs. No empirical behavioral conclusion.",Project solidarity specification,"Elementary graph, inclusion and payoff reasoning; original guide N01-N04 give broader formalization precedents.",not established,formalization and source-verification dossier,7835157627548823f03f29dd3987e55601807b55,Solidarity.lean,32,aaed9af2d500f38ae7b9e6a884cfcd2b38118593c05efbd11fa54cd6fbe70374,https://github.com/Sodelin/Formalizing-Soft-Sciences/blob/7835157627548823f03f29dd3987e55601807b55/Solidarity.lean#L32,theorem path_connected (a b : Nat) : Reach a b
6,Solidarity.at_most_two_neighbors,Solidarity,endpoint,"Every neighbor is one of a+1 or a-1; this is containment, not a separate degree-cardinality formalization.","Every neighbor is one of a+1 or a-1; this is containment, not a separate degree-cardinality formalization.","Specified natural-number path, separate trust/labels, integer one-shot donation payoffs. No empirical behavioral conclusion.","Specified natural-number path, separate trust/labels, integer one-shot donation payoffs. No empirical behavioral conclusion.",Project solidarity specification,"Elementary graph, inclusion and payoff reasoning; original guide N01-N04 give broader formalization precedents.",not established,formalization and source-verification dossier,7835157627548823f03f29dd3987e55601807b55,Solidarity.lean,36,aaed9af2d500f38ae7b9e6a884cfcd2b38118593c05efbd11fa54cd6fbe70374,https://github.com/Sodelin/Formalizing-Soft-Sciences/blob/7835157627548823f03f29dd3987e55601807b55/Solidarity.lean#L36,"theorem at_most_two_neighbors (a b : Nat) (h : Adj a b) :
    b = a + 1 ∨ b = a - 1"
7,Solidarity.unbounded_reachable,Solidarity,endpoint,"For every bound, bound+1 supplies a reachable vertex beyond it; no communication-time or human-capacity bound follows.","For every bound, bound+1 supplies a reachable vertex beyond it; no communication-time or human-capacity bound follows.","Specified natural-number path, separate trust/labels, integer one-shot donation payoffs. No empirical behavioral conclusion.","Specified natural-number path, separate trust/labels, integer one-shot donation payoffs. No empirical behavioral conclusion.",Project solidarity specification,"Elementary graph, inclusion and payoff reasoning; original guide N01-N04 give broader formalization precedents.",not established,formalization and source-verification dossier,7835157627548823f03f29dd3987e55601807b55,Solidarity.lean,43,aaed9af2d500f38ae7b9e6a884cfcd2b38118593c05efbd11fa54cd6fbe70374,https://github.com/Sodelin/Formalizing-Soft-Sciences/blob/7835157627548823f03f29dd3987e55601807b55/Solidarity.lean#L43,"theorem unbounded_reachable (bound : Nat) :
    ∃ n, bound < n ∧ Reach 0 n"
8,Solidarity.membership_nesting,Solidarity,consequence,Transitivity of supplied set inclusions; geographic and psychological membership assumptions are not inferred.,Transitivity of supplied set inclusions; geographic and psychological membership assumptions are not inferred.,"Specified natural-number path, separate trust/labels, integer one-shot donation payoffs. No empirical behavioral conclusion.","Specified natural-number path, separate trust/labels, integer one-shot donation payoffs. No empirical behavioral conclusion.",Project solidarity specification,"Elementary graph, inclusion and payoff reasoning; original guide N01-N04 give broader formalization precedents.",not established,formalization and source-verification dossier,7835157627548823f03f29dd3987e55601807b55,Solidarity.lean,50,aaed9af2d500f38ae7b9e6a884cfcd2b38118593c05efbd11fa54cd6fbe70374,https://github.com/Sodelin/Formalizing-Soft-Sciences/blob/7835157627548823f03f29dd3987e55601807b55/Solidarity.lean#L50,"theorem membership_nesting {α : Type} {a b c : α → Prop}
    (ab : Included a b) (bc : Included b c) : Included a c"
9,Solidarity.overlapping_memberships,Solidarity,witness,"Sets {0,1} and {0,2} exhibit shared and exclusive members inside a common population.","Sets {0,1} and {0,2} exhibit shared and exclusive members inside a common population.","Specified natural-number path, separate trust/labels, integer one-shot donation payoffs. No empirical behavioral conclusion.","Specified natural-number path, separate trust/labels, integer one-shot donation payoffs. No empirical behavioral conclusion.",Project solidarity specification,"Elementary graph, inclusion and payoff reasoning; original guide N01-N04 give broader formalization precedents.",not established,formalization and source-verification dossier,7835157627548823f03f29dd3987e55601807b55,Solidarity.lean,55,aaed9af2d500f38ae7b9e6a884cfcd2b38118593c05efbd11fa54cd6fbe70374,https://github.com/Sodelin/Formalizing-Soft-Sciences/blob/7835157627548823f03f29dd3987e55601807b55/Solidarity.lean#L55,"theorem overlapping_memberships :
    ∃ (a b common : Nat → Prop),
      Included a common ∧ Included b common ∧
      (∃ x, a x ∧ b x) ∧ (∃ x, a x ∧ ¬ b x) ∧ (∃ x, b x ∧ ¬ a x)"
10,Solidarity.connected_without_trust,Solidarity,witness,The trust relation is independently chosen to be empty; the result identifies a missing logical premise.,The trust relation is independently chosen to be empty; the result identifies a missing logical premise.,"Specified natural-number path, separate trust/labels, integer one-shot donation payoffs. No empirical behavioral conclusion.","Specified natural-number path, separate trust/labels, integer one-shot donation payoffs. No empirical behavioral conclusion.",Project solidarity specification,"Elementary graph, inclusion and payoff reasoning; original guide N01-N04 give broader formalization precedents.",not established,formalization and source-verification dossier,7835157627548823f03f29dd3987e55601807b55,Solidarity.lean,68,aaed9af2d500f38ae7b9e6a884cfcd2b38118593c05efbd11fa54cd6fbe70374,https://github.com/Sodelin/Formalizing-Soft-Sciences/blob/7835157627548823f03f29dd3987e55601807b55/Solidarity.lean#L68,"theorem connected_without_trust :
    ∃ trust : Nat → Nat → Prop,
      (∀ a b, Reach a b) ∧ ¬ trust 0 1"
11,Solidarity.cooperation_stable_iff,Solidarity,endpoint,"The payoff comparison cancels the other player's benefit, leaving cost <= sanction; equality is weak stability.","The payoff comparison cancels the other player's benefit, leaving cost <= sanction; equality is weak stability.","Specified natural-number path, separate trust/labels, integer one-shot donation payoffs. No empirical behavioral conclusion.","Specified natural-number path, separate trust/labels, integer one-shot donation payoffs. No empirical behavioral conclusion.",Project solidarity specification,"Elementary graph, inclusion and payoff reasoning; original guide N01-N04 give broader formalization precedents.",not established,formalization and source-verification dossier,7835157627548823f03f29dd3987e55601807b55,Solidarity.lean,85,aaed9af2d500f38ae7b9e6a884cfcd2b38118593c05efbd11fa54cd6fbe70374,https://github.com/Sodelin/Formalizing-Soft-Sciences/blob/7835157627548823f03f29dd3987e55601807b55/Solidarity.lean#L85,"theorem cooperation_stable_iff (benefit cost sanction : Int) :
    StableCC benefit cost sanction ↔ cost ≤ sanction"
12,Solidarity.no_sanction_failure,Solidarity,consequence,Positive cost and zero sanction violate that exact threshold in the specified one-shot payoff model.,Positive cost and zero sanction violate that exact threshold in the specified one-shot payoff model.,"Specified natural-number path, separate trust/labels, integer one-shot donation payoffs. No empirical behavioral conclusion.","Specified natural-number path, separate trust/labels, integer one-shot donation payoffs. No empirical behavioral conclusion.",Project solidarity specification,"Elementary graph, inclusion and payoff reasoning; original guide N01-N04 give broader formalization precedents.",not established,formalization and source-verification dossier,7835157627548823f03f29dd3987e55601807b55,Solidarity.lean,95,aaed9af2d500f38ae7b9e6a884cfcd2b38118593c05efbd11fa54cd6fbe70374,https://github.com/Sodelin/Formalizing-Soft-Sciences/blob/7835157627548823f03f29dd3987e55601807b55/Solidarity.lean#L95,"theorem no_sanction_failure (benefit cost : Int) (positive : 0 < cost) :
    ¬ StableCC benefit cost 0"
13,Solidarity.heterogeneous_cooperation_exists,Solidarity,witness,Different labels coexist with StableCC 3 1 2 because labels do not enter this payoff function.,Different labels coexist with StableCC 3 1 2 because labels do not enter this payoff function.,"Specified natural-number path, separate trust/labels, integer one-shot donation payoffs. No empirical behavioral conclusion.","Specified natural-number path, separate trust/labels, integer one-shot donation payoffs. No empirical behavioral conclusion.",Project solidarity specification,"Elementary graph, inclusion and payoff reasoning; original guide N01-N04 give broader formalization precedents.",not established,formalization and source-verification dossier,7835157627548823f03f29dd3987e55601807b55,Solidarity.lean,102,aaed9af2d500f38ae7b9e6a884cfcd2b38118593c05efbd11fa54cd6fbe70374,https://github.com/Sodelin/Formalizing-Soft-Sciences/blob/7835157627548823f03f29dd3987e55601807b55/Solidarity.lean#L102,"theorem heterogeneous_cooperation_exists :
    ∃ labels : Bool → Bool,
      labels false ≠ labels true ∧ StableCC 3 1 2"
14,Solidarity.homogeneous_cooperation_can_fail,Solidarity,witness,Equal labels coexist with failure of StableCC 3 1 0; the model assigns labels no incentive mechanism.,Equal labels coexist with failure of StableCC 3 1 0; the model assigns labels no incentive mechanism.,"Specified natural-number path, separate trust/labels, integer one-shot donation payoffs. No empirical behavioral conclusion.","Specified natural-number path, separate trust/labels, integer one-shot donation payoffs. No empirical behavioral conclusion.",Project solidarity specification,"Elementary graph, inclusion and payoff reasoning; original guide N01-N04 give broader formalization precedents.",not established,formalization and source-verification dossier,7835157627548823f03f29dd3987e55601807b55,Solidarity.lean,108,aaed9af2d500f38ae7b9e6a884cfcd2b38118593c05efbd11fa54cd6fbe70374,https://github.com/Sodelin/Formalizing-Soft-Sciences/blob/7835157627548823f03f29dd3987e55601807b55/Solidarity.lean#L108,"theorem homogeneous_cooperation_can_fail :
    ∃ labels : Bool → Bool,
      labels false = labels true ∧ ¬ StableCC 3 1 0"
15,Solidarity.symbols_alone_insufficient,Solidarity,witness,A constant marker and the same unstable game exhibit the same omitted-mechanism point; not an independent behavioral discovery.,A constant marker and the same unstable game exhibit the same omitted-mechanism point; not an independent behavioral discovery.,"Specified natural-number path, separate trust/labels, integer one-shot donation payoffs. No empirical behavioral conclusion.","Specified natural-number path, separate trust/labels, integer one-shot donation payoffs. No empirical behavioral conclusion.",Project solidarity specification,"Elementary graph, inclusion and payoff reasoning; original guide N01-N04 give broader formalization precedents.",not established,formalization and source-verification dossier,7835157627548823f03f29dd3987e55601807b55,Solidarity.lean,114,aaed9af2d500f38ae7b9e6a884cfcd2b38118593c05efbd11fa54cd6fbe70374,https://github.com/Sodelin/Formalizing-Soft-Sciences/blob/7835157627548823f03f29dd3987e55601807b55/Solidarity.lean#L114,"theorem symbols_alone_insufficient :
    ∃ marker : Bool → Nat,
      marker false = marker true ∧ ¬ StableCC 3 1 0"
16,Solidarity.mutual_gain,Solidarity,consequence,The mutual-contribution payoff exceeds mutual defection when cost < benefit+sanction; this comparison differs from unilateral stability.,The mutual-contribution payoff exceeds mutual defection when cost < benefit+sanction; this comparison differs from unilateral stability.,"Specified natural-number path, separate trust/labels, integer one-shot donation payoffs. No empirical behavioral conclusion.","Specified natural-number path, separate trust/labels, integer one-shot donation payoffs. No empirical behavioral conclusion.",Project solidarity specification,"Elementary graph, inclusion and payoff reasoning; original guide N01-N04 give broader formalization precedents.",not established,formalization and source-verification dossier,7835157627548823f03f29dd3987e55601807b55,Solidarity.lean,120,aaed9af2d500f38ae7b9e6a884cfcd2b38118593c05efbd11fa54cd6fbe70374,https://github.com/Sodelin/Formalizing-Soft-Sciences/blob/7835157627548823f03f29dd3987e55601807b55/Solidarity.lean#L120,"theorem mutual_gain (benefit cost sanction : Int) (h : cost < benefit + sanction) :
    payoff benefit cost sanction false false < payoff benefit cost sanction true true"
17,SocialScience.Identifiability.equivalent_refl,Identifiability,support,A candidate is observationally equivalent to itself.,Reflexivity of equality at every permitted probe.,Exact deterministic predictions over a specified parameter space and probe design.,Exact deterministic predictions and declared parameter/probe spaces; no noisy inference guarantee.,B01,F02 motivates model recovery; the equal-sum witness and cancellation are project examples of established identification reasoning.,not established,formalization and source-verification dossier,7835157627548823f03f29dd3987e55601807b55,SocialScience/Identifiability.lean,13,b98752a6d6215aecbcd6532dba22a0c1b992cd1eacc6f75be0f4f0742c5f4a20,https://github.com/Sodelin/Formalizing-Soft-Sciences/blob/7835157627548823f03f29dd3987e55601807b55/SocialScience/Identifiability.lean#L13,"theorem equivalent_refl {Θ X Y : Type} (predict : Θ → X → Y)
    (design : X → Prop) (θ : Θ) : Equivalent predict design θ θ"
18,SocialScience.Identifiability.equivalent_symm,Identifiability,support,"If A and B are equivalent, B and A are equivalent.",Symmetry of equality at every permitted probe.,Exact deterministic predictions over a specified parameter space and probe design.,Exact deterministic predictions and declared parameter/probe spaces; no noisy inference guarantee.,B01,F02 motivates model recovery; the equal-sum witness and cancellation are project examples of established identification reasoning.,not established,formalization and source-verification dossier,7835157627548823f03f29dd3987e55601807b55,SocialScience/Identifiability.lean,17,b98752a6d6215aecbcd6532dba22a0c1b992cd1eacc6f75be0f4f0742c5f4a20,https://github.com/Sodelin/Formalizing-Soft-Sciences/blob/7835157627548823f03f29dd3987e55601807b55/SocialScience/Identifiability.lean#L17,"theorem equivalent_symm {Θ X Y : Type} {predict : Θ → X → Y}
    {design : X → Prop} {θ φ : Θ} (h : Equivalent predict design θ φ) :
    Equivalent predict design φ θ"
19,SocialScience.Identifiability.equivalent_trans,Identifiability,support,Equivalence through a third candidate is transitive.,Transitivity of equality at every permitted probe.,Exact deterministic predictions over a specified parameter space and probe design.,Exact deterministic predictions and declared parameter/probe spaces; no noisy inference guarantee.,B01,F02 motivates model recovery; the equal-sum witness and cancellation are project examples of established identification reasoning.,not established,formalization and source-verification dossier,7835157627548823f03f29dd3987e55601807b55,SocialScience/Identifiability.lean,21,b98752a6d6215aecbcd6532dba22a0c1b992cd1eacc6f75be0f4f0742c5f4a20,https://github.com/Sodelin/Formalizing-Soft-Sciences/blob/7835157627548823f03f29dd3987e55601807b55/SocialScience/Identifiability.lean#L21,"theorem equivalent_trans {Θ X Y : Type} {predict : Θ → X → Y}
    {design : X → Prop} {θ φ ψ : Θ}
    (h : Equivalent predict design θ φ) (g : Equivalent predict design φ ψ) :
    Equivalent predict design θ ψ"
20,SocialScience.Identifiability.restrict_design,Identifiability,support,Candidates equivalent on a larger probe set remain equivalent on a subset.,Universal agreement restricts to an included set of probes.,Exact deterministic predictions over a specified parameter space and probe design.,Exact deterministic predictions and declared parameter/probe spaces; no noisy inference guarantee.,B01,F02 motivates model recovery; the equal-sum witness and cancellation are project examples of established identification reasoning.,not established,formalization and source-verification dossier,7835157627548823f03f29dd3987e55601807b55,SocialScience/Identifiability.lean,26,b98752a6d6215aecbcd6532dba22a0c1b992cd1eacc6f75be0f4f0742c5f4a20,https://github.com/Sodelin/Formalizing-Soft-Sciences/blob/7835157627548823f03f29dd3987e55601807b55/SocialScience/Identifiability.lean#L26,"theorem restrict_design {Θ X Y : Type} {predict : Θ → X → Y}
    {small large : X → Prop} {θ φ : Θ}
    (included : ∀ x, small x → large x) (h : Equivalent predict large θ φ) :
    Equivalent predict small θ φ"
21,SocialScience.Identifiability.more_probes_preserve_identification,Identifiability,consequence,Expanding an already identifying probe set preserves identification.,An injective observation design remains identifying when probes are added.,Exact deterministic predictions over a specified parameter space and probe design.,Exact deterministic predictions and declared parameter/probe spaces; no noisy inference guarantee.,B01,F02 motivates model recovery; the equal-sum witness and cancellation are project examples of established identification reasoning.,not established,formalization and source-verification dossier,7835157627548823f03f29dd3987e55601807b55,SocialScience/Identifiability.lean,31,b98752a6d6215aecbcd6532dba22a0c1b992cd1eacc6f75be0f4f0742c5f4a20,https://github.com/Sodelin/Formalizing-Soft-Sciences/blob/7835157627548823f03f29dd3987e55601807b55/SocialScience/Identifiability.lean#L31,"theorem more_probes_preserve_identification {Θ X Y : Type} {predict : Θ → X → Y}
    {small large : X → Prop} (included : ∀ x, small x → large x)
    (h : Identified predict small) : Identified predict large"
22,SocialScience.Identifiability.postprocess_preserves_equivalence,Identifiability,support,Applying one common function to equal outputs cannot distinguish them.,A common deterministic function preserves equal outputs; this is the exact information-loss mechanism used later.,Exact deterministic predictions over a specified parameter space and probe design.,Exact deterministic predictions and declared parameter/probe spaces; no noisy inference guarantee.,B01,F02 motivates model recovery; the equal-sum witness and cancellation are project examples of established identification reasoning.,not established,formalization and source-verification dossier,7835157627548823f03f29dd3987e55601807b55,SocialScience/Identifiability.lean,37,b98752a6d6215aecbcd6532dba22a0c1b992cd1eacc6f75be0f4f0742c5f4a20,https://github.com/Sodelin/Formalizing-Soft-Sciences/blob/7835157627548823f03f29dd3987e55601807b55/SocialScience/Identifiability.lean#L37,"theorem postprocess_preserves_equivalence {Θ X Y Z : Type}
    {predict : Θ → X → Y} {design : X → Prop} {θ φ : Θ}
    (transform : Y → Z) (h : Equivalent predict design θ φ) :
    Equivalent (fun p x => transform (predict p x)) design θ φ"
23,SocialScience.Identifiability.baseline_ambiguous,Identifiability,witness,"The sum-only probe gives the same output for component pairs `(1, 0)` and `(0, 1)`.","The distinct integer pairs (1,0) and (0,1) have the same sum.",Exact deterministic predictions over a specified parameter space and probe design.,Exact deterministic predictions and declared parameter/probe spaces; no noisy inference guarantee.,B01,F02 motivates model recovery; the equal-sum witness and cancellation are project examples of established identification reasoning.,not established,formalization and source-verification dossier,7835157627548823f03f29dd3987e55601807b55,SocialScience/Identifiability.lean,47,b98752a6d6215aecbcd6532dba22a0c1b992cd1eacc6f75be0f4f0742c5f4a20,https://github.com/Sodelin/Formalizing-Soft-Sciences/blob/7835157627548823f03f29dd3987e55601807b55/SocialScience/Identifiability.lean#L47,"theorem baseline_ambiguous :
    Equivalent twoComponent (fun probe => probe = false) (1, 0) (0, 1)"
24,SocialScience.Identifiability.baseline_not_identified,Identifiability,endpoint,Therefore the sum-only design does not identify both components over the specified parameter space.,The sum observation is non-injective on the declared parameter space; witnessed by the preceding pair.,Exact deterministic predictions over a specified parameter space and probe design.,Exact deterministic predictions and declared parameter/probe spaces; no noisy inference guarantee.,B01,F02 motivates model recovery; the equal-sum witness and cancellation are project examples of established identification reasoning.,not established,formalization and source-verification dossier,7835157627548823f03f29dd3987e55601807b55,SocialScience/Identifiability.lean,53,b98752a6d6215aecbcd6532dba22a0c1b992cd1eacc6f75be0f4f0742c5f4a20,https://github.com/Sodelin/Formalizing-Soft-Sciences/blob/7835157627548823f03f29dd3987e55601807b55/SocialScience/Identifiability.lean#L53,"theorem baseline_not_identified :
    ¬ Identified twoComponent (fun probe => probe = false)"
25,SocialScience.Identifiability.both_probes_identify,Identifiability,endpoint,Observing both the sum and the first component identifies the ordered pair exactly.,The first-coordinate probe plus the sum determines both coordinates by subtraction.,Exact deterministic predictions over a specified parameter space and probe design.,Exact deterministic predictions and declared parameter/probe spaces; no noisy inference guarantee.,B01,F02 motivates model recovery; the equal-sum witness and cancellation are project examples of established identification reasoning.,not established,formalization and source-verification dossier,7835157627548823f03f29dd3987e55601807b55,SocialScience/Identifiability.lean,60,b98752a6d6215aecbcd6532dba22a0c1b992cd1eacc6f75be0f4f0742c5f4a20,https://github.com/Sodelin/Formalizing-Soft-Sciences/blob/7835157627548823f03f29dd3987e55601807b55/SocialScience/Identifiability.lean#L60,theorem both_probes_identify : Identified twoComponent (fun _ => True)
26,SocialScience.Measurement.common_intercept_preserves_order,Measurement,consequence,"With the same intercept, response order and latent order agree in both directions.",Adding a common integer intercept preserves and reflects order.,Integer additive indicator; unit loading; no random error; theorem-specific intercept or bias premises.,"Unit-loading additive integer indicator, theorem-specific bias premises; no empirical bias bound or construct validation.",B02,"F03, scalar-invariance section: intercept equality is an established comparability issue. The repository uses an independently derived integer additive special case.",not established,formalization and source-verification dossier,7835157627548823f03f29dd3987e55601807b55,SocialScience/Measurement.lean,8,fffffd7b1f8211cdf677414918dca947b5c2f59a506d06afc44ba77760b0f3e9,https://github.com/Sodelin/Formalizing-Soft-Sciences/blob/7835157627548823f03f29dd3987e55601807b55/SocialScience/Measurement.lean#L8,"theorem common_intercept_preserves_order (a b intercept : Int) :
    response a intercept ≤ response b intercept ↔ a ≤ b"
27,SocialScience.Measurement.common_intercept_preserves_difference,Measurement,consequence,The response difference equals the latent difference when intercepts match.,The common intercept cancels in subtraction.,Integer additive indicator; unit loading; no random error; theorem-specific intercept or bias premises.,"Unit-loading additive integer indicator, theorem-specific bias premises; no empirical bias bound or construct validation.",B02,"F03, scalar-invariance section: intercept equality is an established comparability issue. The repository uses an independently derived integer additive special case.",not established,formalization and source-verification dossier,7835157627548823f03f29dd3987e55601807b55,SocialScience/Measurement.lean,13,fffffd7b1f8211cdf677414918dca947b5c2f59a506d06afc44ba77760b0f3e9,https://github.com/Sodelin/Formalizing-Soft-Sciences/blob/7835157627548823f03f29dd3987e55601807b55/SocialScience/Measurement.lean#L13,"theorem common_intercept_preserves_difference (a b intercept : Int) :
    response a intercept - response b intercept = a - b"
28,SocialScience.Measurement.shift_invariance,Measurement,support,Adding a shift to the latent value and subtracting it from the intercept leaves the response unchanged.,A latent shift compensated by the opposite intercept shift leaves one response unchanged.,Integer additive indicator; unit loading; no random error; theorem-specific intercept or bias premises.,"Unit-loading additive integer indicator, theorem-specific bias premises; no empirical bias bound or construct validation.",B02,"F03, scalar-invariance section: intercept equality is an established comparability issue. The repository uses an independently derived integer additive special case.",not established,formalization and source-verification dossier,7835157627548823f03f29dd3987e55601807b55,SocialScience/Measurement.lean,18,fffffd7b1f8211cdf677414918dca947b5c2f59a506d06afc44ba77760b0f3e9,https://github.com/Sodelin/Formalizing-Soft-Sciences/blob/7835157627548823f03f29dd3987e55601807b55/SocialScience/Measurement.lean#L18,"theorem shift_invariance (latent intercept shift : Int) :
    response (latent + shift) (intercept - shift) = response latent intercept"
29,SocialScience.Measurement.population_shift_invariance,Measurement,consequence,The same shift can be made for every person while preserving the entire response function.,Function extensionality applies the same compensated shift at every person.,Integer additive indicator; unit loading; no random error; theorem-specific intercept or bias premises.,"Unit-loading additive integer indicator, theorem-specific bias premises; no empirical bias bound or construct validation.",B02,"F03, scalar-invariance section: intercept equality is an established comparability issue. The repository uses an independently derived integer additive special case.",not established,formalization and source-verification dossier,7835157627548823f03f29dd3987e55601807b55,SocialScience/Measurement.lean,23,fffffd7b1f8211cdf677414918dca947b5c2f59a506d06afc44ba77760b0f3e9,https://github.com/Sodelin/Formalizing-Soft-Sciences/blob/7835157627548823f03f29dd3987e55601807b55/SocialScience/Measurement.lean#L23,"theorem population_shift_invariance {Person : Type} (latent : Person → Int)
    (intercept shift : Int) :
    (fun p => response (latent p + shift) (intercept - shift)) =
      (fun p => response (latent p) intercept)"
30,SocialScience.Measurement.known_intercept_identifies,Measurement,endpoint,Equal responses with the same specified intercept imply equal latent values.,Cancellation identifies a latent value when the intercept is specified and common.,Integer additive indicator; unit loading; no random error; theorem-specific intercept or bias premises.,"Unit-loading additive integer indicator, theorem-specific bias premises; no empirical bias bound or construct validation.",B02,"F03, scalar-invariance section: intercept equality is an established comparability issue. The repository uses an independently derived integer additive special case.",not established,formalization and source-verification dossier,7835157627548823f03f29dd3987e55601807b55,SocialScience/Measurement.lean,30,fffffd7b1f8211cdf677414918dca947b5c2f59a506d06afc44ba77760b0f3e9,https://github.com/Sodelin/Formalizing-Soft-Sciences/blob/7835157627548823f03f29dd3987e55601807b55/SocialScience/Measurement.lean#L30,"theorem known_intercept_identifies (a b intercept : Int)
    (same : response a intercept = response b intercept) : a = b"
31,SocialScience.Measurement.anchor_identifies_intercept,Measurement,endpoint,Equal responses for the same specified latent anchor imply equal intercepts.,Cancellation identifies the intercept from a specified latent anchor.,Integer additive indicator; unit loading; no random error; theorem-specific intercept or bias premises.,"Unit-loading additive integer indicator, theorem-specific bias premises; no empirical bias bound or construct validation.",B02,"F03, scalar-invariance section: intercept equality is an established comparability issue. The repository uses an independently derived integer additive special case.",not established,formalization and source-verification dossier,7835157627548823f03f29dd3987e55601807b55,SocialScience/Measurement.lean,35,fffffd7b1f8211cdf677414918dca947b5c2f59a506d06afc44ba77760b0f3e9,https://github.com/Sodelin/Formalizing-Soft-Sciences/blob/7835157627548823f03f29dd3987e55601807b55/SocialScience/Measurement.lean#L35,"theorem anchor_identifies_intercept (anchor first second : Int)
    (same : response anchor first = response anchor second) : first = second"
32,SocialScience.Measurement.group_intercepts_can_reverse_order,Measurement,witness,A concrete pair of unequal intercepts reverses a latent ordering in the responses.,A concrete bias difference reverses the underlying ordering; it is synthetic arithmetic.,Integer additive indicator; unit loading; no random error; theorem-specific intercept or bias premises.,"Unit-loading additive integer indicator, theorem-specific bias premises; no empirical bias bound or construct validation.",B02,"F03, scalar-invariance section: intercept equality is an established comparability issue. The repository uses an independently derived integer additive special case.",not established,formalization and source-verification dossier,7835157627548823f03f29dd3987e55601807b55,SocialScience/Measurement.lean,41,fffffd7b1f8211cdf677414918dca947b5c2f59a506d06afc44ba77760b0f3e9,https://github.com/Sodelin/Formalizing-Soft-Sciences/blob/7835157627548823f03f29dd3987e55601807b55/SocialScience/Measurement.lean#L41,"theorem group_intercepts_can_reverse_order :
    (0 : Int) < 1 ∧ response 1 0 < response 0 2"
33,SocialScience.Measurement.bounded_bias_interval,Measurement,endpoint,"If differential intercept bias lies between `−δ` and `δ`, the latent difference lies within `δ` of the observed difference.",The assumed differential-bias interval translates into a latent-difference interval of the same radius.,Integer additive indicator; unit loading; no random error; theorem-specific intercept or bias premises.,"Unit-loading additive integer indicator, theorem-specific bias premises; no empirical bias bound or construct validation.",B02,"F03, scalar-invariance section: intercept equality is an established comparability issue. The repository uses an independently derived integer additive special case.",not established,formalization and source-verification dossier,7835157627548823f03f29dd3987e55601807b55,SocialScience/Measurement.lean,45,fffffd7b1f8211cdf677414918dca947b5c2f59a506d06afc44ba77760b0f3e9,https://github.com/Sodelin/Formalizing-Soft-Sciences/blob/7835157627548823f03f29dd3987e55601807b55/SocialScience/Measurement.lean#L45,"theorem bounded_bias_interval (a b biasA biasB δ : Int)
    (lower : -δ ≤ biasA - biasB) (upper : biasA - biasB ≤ δ) :
    (response a biasA - response b biasB) - δ ≤ a - b ∧
    a - b ≤ (response a biasA - response b biasB) + δ"
34,SocialScience.Measurement.difference_exceeding_bias_identifies_order,Measurement,endpoint,An observed difference larger than an upper bound on differential bias establishes the latent ordering.,Only an upper bound on differential bias is needed for this one-sided sign conclusion.,Integer additive indicator; unit loading; no random error; theorem-specific intercept or bias premises.,"Unit-loading additive integer indicator, theorem-specific bias premises; no empirical bias bound or construct validation.",B02,"F03, scalar-invariance section: intercept equality is an established comparability issue. The repository uses an independently derived integer additive special case.",not established,formalization and source-verification dossier,7835157627548823f03f29dd3987e55601807b55,SocialScience/Measurement.lean,52,fffffd7b1f8211cdf677414918dca947b5c2f59a506d06afc44ba77760b0f3e9,https://github.com/Sodelin/Formalizing-Soft-Sciences/blob/7835157627548823f03f29dd3987e55601807b55/SocialScience/Measurement.lean#L52,"theorem difference_exceeding_bias_identifies_order (a b biasA biasB δ : Int)
    (upper : biasA - biasB ≤ δ)
    (gap : δ < response a biasA - response b biasB) : b < a"
35,SocialScience.Causality.observational_equivalence,Causality,witness,The two models have exactly the same observational mapping.,Treatment-copy and background-copy models agree when treatment equals background.,Deterministic binary outcome models; observational treatment equals background; stated input information.,Treatment equals binary background observationally; effects defined on the complete response function; no probability or general graphical calculus.,B03,F04 sections 1-2 supplies a richer network non-identification predecessor; this deterministic binary example is not its resolution or full formalization.,not established,formalization and source-verification dossier,7835157627548823f03f29dd3987e55601807b55,SocialScience/Causality.lean,23,7e3e0bb9f2110a9edf9c3477292e055284e720188660d996885bd3ca3cbfc953,https://github.com/Sodelin/Formalizing-Soft-Sciences/blob/7835157627548823f03f29dd3987e55601807b55/SocialScience/Causality.lean#L23,theorem observational_equivalence : observed treatmentEffect = observed commonCause
36,SocialScience.Causality.intervention_disagreement,Causality,witness,"At treatment true and background false, their intervention outcomes differ.",Setting treatment true and background false distinguishes the two models.,Deterministic binary outcome models; observational treatment equals background; stated input information.,Treatment equals binary background observationally; effects defined on the complete response function; no probability or general graphical calculus.,B03,F04 sections 1-2 supplies a richer network non-identification predecessor; this deterministic binary example is not its resolution or full formalization.,not established,formalization and source-verification dossier,7835157627548823f03f29dd3987e55601807b55,SocialScience/Causality.lean,27,7e3e0bb9f2110a9edf9c3477292e055284e720188660d996885bd3ca3cbfc953,https://github.com/Sodelin/Formalizing-Soft-Sciences/blob/7835157627548823f03f29dd3987e55601807b55/SocialScience/Causality.lean#L27,"theorem intervention_disagreement :
    treatmentEffect.outcome true false ≠ commonCause.outcome true false"
37,SocialScience.Causality.treatment_effect_numerator,Causality,support,The treatment-copy model has an effect numerator of 2.,Enumeration gives effect numerator 2 for the treatment-copy model; the uniform-background average would be 1.,Deterministic binary outcome models; observational treatment equals background; stated input information.,Treatment equals binary background observationally; effects defined on the complete response function; no probability or general graphical calculus.,B03,F04 sections 1-2 supplies a richer network non-identification predecessor; this deterministic binary example is not its resolution or full formalization.,not established,formalization and source-verification dossier,7835157627548823f03f29dd3987e55601807b55,SocialScience/Causality.lean,30,7e3e0bb9f2110a9edf9c3477292e055284e720188660d996885bd3ca3cbfc953,https://github.com/Sodelin/Formalizing-Soft-Sciences/blob/7835157627548823f03f29dd3987e55601807b55/SocialScience/Causality.lean#L30,theorem treatment_effect_numerator : effectNumerator treatmentEffect = 2
38,SocialScience.Causality.common_cause_numerator,Causality,support,The background-copy model has an effect numerator of 0.,Enumeration gives effect numerator 0 for the background-copy model.,Deterministic binary outcome models; observational treatment equals background; stated input information.,Treatment equals binary background observationally; effects defined on the complete response function; no probability or general graphical calculus.,B03,F04 sections 1-2 supplies a richer network non-identification predecessor; this deterministic binary example is not its resolution or full formalization.,not established,formalization and source-verification dossier,7835157627548823f03f29dd3987e55601807b55,SocialScience/Causality.lean,32,7e3e0bb9f2110a9edf9c3477292e055284e720188660d996885bd3ca3cbfc953,https://github.com/Sodelin/Formalizing-Soft-Sciences/blob/7835157627548823f03f29dd3987e55601807b55/SocialScience/Causality.lean#L32,theorem common_cause_numerator : effectNumerator commonCause = 0
39,SocialScience.Causality.no_universal_observational_estimator,Causality,endpoint,No function of this observational mapping returns the correct effect numerator for every candidate binary model.,Every estimator of the given observational function fails on at least one candidate with the same observations and a different effect numerator.,Deterministic binary outcome models; observational treatment equals background; stated input information.,Treatment equals binary background observationally; effects defined on the complete response function; no probability or general graphical calculus.,B03,F04 sections 1-2 supplies a richer network non-identification predecessor; this deterministic binary example is not its resolution or full formalization.,not established,formalization and source-verification dossier,7835157627548823f03f29dd3987e55601807b55,SocialScience/Causality.lean,35,7e3e0bb9f2110a9edf9c3477292e055284e720188660d996885bd3ca3cbfc953,https://github.com/Sodelin/Formalizing-Soft-Sciences/blob/7835157627548823f03f29dd3987e55601807b55/SocialScience/Causality.lean#L35,"theorem no_universal_observational_estimator :
    ¬ ∃ estimate : (Bool → Bool × Bool) → Int,
      ∀ model, estimate (observed model) = effectNumerator model"
40,SocialScience.Causality.all_responses_identify,Causality,endpoint,"If two deterministic models agree for every treatment and background combination, their outcome functions, and hence the models, are equal.",Agreement at all treatment/background pairs is equality of the complete deterministic outcome function.,Deterministic binary outcome models; observational treatment equals background; stated input information.,Treatment equals binary background observationally; effects defined on the complete response function; no probability or general graphical calculus.,B03,F04 sections 1-2 supplies a richer network non-identification predecessor; this deterministic binary example is not its resolution or full formalization.,not established,formalization and source-verification dossier,7835157627548823f03f29dd3987e55601807b55,SocialScience/Causality.lean,47,7e3e0bb9f2110a9edf9c3477292e055284e720188660d996885bd3ca3cbfc953,https://github.com/Sodelin/Formalizing-Soft-Sciences/blob/7835157627548823f03f29dd3987e55601807b55/SocialScience/Causality.lean#L47,"theorem all_responses_identify (first second : BinaryModel)
    (same : ∀ treatment background,
      first.outcome treatment background = second.outcome treatment background) :
    first = second"
41,SocialScience.Learning.fits_empty,Learning,support,Every hypothesis fits an empty evidence list.,Universal agreement on an empty evidence list is vacuous.,Finite labeled list and deterministic hypothesis; exact consistency.,"Deterministic hypotheses, finite labeled lists and exact consistency; no noise model or statistical generalization bound.",B04,F08 Mitchell version-space reasoning. Related Lean version-space properties also occur in the current Cslib module linked in SOURCES.md.,not established,formalization and source-verification dossier,7835157627548823f03f29dd3987e55601807b55,SocialScience/Learning.lean,9,24536459579daf9b64ec1df573ec926bf3aa80f8d27be973c5c8ea66cc532a67,https://github.com/Sodelin/Formalizing-Soft-Sciences/blob/7835157627548823f03f29dd3987e55601807b55/SocialScience/Learning.lean#L9,theorem fits_empty {X Y : Type} (hypothesis : X → Y) : Fits hypothesis []
42,SocialScience.Learning.fits_cons_iff,Learning,support,Fitting a new observation plus the old list is equivalent to matching the new label and fitting the old list.,Consistency with a new item splits into its label equation and consistency with the old list.,Finite labeled list and deterministic hypothesis; exact consistency.,"Deterministic hypotheses, finite labeled lists and exact consistency; no noise model or statistical generalization bound.",B04,F08 Mitchell version-space reasoning. Related Lean version-space properties also occur in the current Cslib module linked in SOURCES.md.,not established,formalization and source-verification dossier,7835157627548823f03f29dd3987e55601807b55,SocialScience/Learning.lean,13,24536459579daf9b64ec1df573ec926bf3aa80f8d27be973c5c8ea66cc532a67,https://github.com/Sodelin/Formalizing-Soft-Sciences/blob/7835157627548823f03f29dd3987e55601807b55/SocialScience/Learning.lean#L13,"theorem fits_cons_iff {X Y : Type} (hypothesis : X → Y) (x : X) (y : Y)
    (evidence : List (X × Y)) :
    Fits hypothesis ((x, y) :: evidence) ↔ hypothesis x = y ∧ Fits hypothesis evidence"
43,SocialScience.Learning.fits_append_iff,Learning,support,Fitting two combined lists is equivalent to fitting each separately.,Consistency over concatenated lists is conjunction of their consistency constraints.,Finite labeled list and deterministic hypothesis; exact consistency.,"Deterministic hypotheses, finite labeled lists and exact consistency; no noise model or statistical generalization bound.",B04,F08 Mitchell version-space reasoning. Related Lean version-space properties also occur in the current Cslib module linked in SOURCES.md.,not established,formalization and source-verification dossier,7835157627548823f03f29dd3987e55601807b55,SocialScience/Learning.lean,29,24536459579daf9b64ec1df573ec926bf3aa80f8d27be973c5c8ea66cc532a67,https://github.com/Sodelin/Formalizing-Soft-Sciences/blob/7835157627548823f03f29dd3987e55601807b55/SocialScience/Learning.lean#L29,"theorem fits_append_iff {X Y : Type} (hypothesis : X → Y)
    (first second : List (X × Y)) :
    Fits hypothesis (first ++ second) ↔ Fits hypothesis first ∧ Fits hypothesis second"
44,SocialScience.Learning.more_evidence_narrows_models,Learning,consequence,Any hypothesis fitting a larger evidence list fits its included sublist.,Every candidate consistent with the larger list is consistent with an included sublist.,Finite labeled list and deterministic hypothesis; exact consistency.,"Deterministic hypotheses, finite labeled lists and exact consistency; no noise model or statistical generalization bound.",B04,F08 Mitchell version-space reasoning. Related Lean version-space properties also occur in the current Cslib module linked in SOURCES.md.,not established,formalization and source-verification dossier,7835157627548823f03f29dd3987e55601807b55,SocialScience/Learning.lean,44,24536459579daf9b64ec1df573ec926bf3aa80f8d27be973c5c8ea66cc532a67,https://github.com/Sodelin/Formalizing-Soft-Sciences/blob/7835157627548823f03f29dd3987e55601807b55/SocialScience/Learning.lean#L44,"theorem more_evidence_narrows_models {X Y : Type} (hypothesis : X → Y)
    {small large : List (X × Y)} (included : ∀ item, item ∈ small → item ∈ large)
    (fitsLarge : Fits hypothesis large) : Fits hypothesis small"
45,SocialScience.Learning.truth_survives_correct_label,Learning,consequence,A truth function that fits the old evidence still fits after one correctly labeled example.,A truth function already fitting the old evidence survives its own correctly labeled observation.,Finite labeled list and deterministic hypothesis; exact consistency.,"Deterministic hypotheses, finite labeled lists and exact consistency; no noise model or statistical generalization bound.",B04,F08 Mitchell version-space reasoning. Related Lean version-space properties also occur in the current Cslib module linked in SOURCES.md.,not established,formalization and source-verification dossier,7835157627548823f03f29dd3987e55601807b55,SocialScience/Learning.lean,49,24536459579daf9b64ec1df573ec926bf3aa80f8d27be973c5c8ea66cc532a67,https://github.com/Sodelin/Formalizing-Soft-Sciences/blob/7835157627548823f03f29dd3987e55601807b55/SocialScience/Learning.lean#L49,"theorem truth_survives_correct_label {X Y : Type} (truth : X → Y)
    (evidence : List (X × Y)) (x : X) (fits : Fits truth evidence) :
    Fits truth ((x, truth x) :: evidence)"
46,SocialScience.Learning.distinguishing_query_eliminates_rival,Learning,endpoint,A rival that disagrees at a queried input cannot fit evidence containing the truth's label there.,A query at which two hypotheses disagree removes the rival after the truth's label is recorded.,Finite labeled list and deterministic hypothesis; exact consistency.,"Deterministic hypotheses, finite labeled lists and exact consistency; no noise model or statistical generalization bound.",B04,F08 Mitchell version-space reasoning. Related Lean version-space properties also occur in the current Cslib module linked in SOURCES.md.,not established,formalization and source-verification dossier,7835157627548823f03f29dd3987e55601807b55,SocialScience/Learning.lean,54,24536459579daf9b64ec1df573ec926bf3aa80f8d27be973c5c8ea66cc532a67,https://github.com/Sodelin/Formalizing-Soft-Sciences/blob/7835157627548823f03f29dd3987e55601807b55/SocialScience/Learning.lean#L54,"theorem distinguishing_query_eliminates_rival {X Y : Type} (truth rival : X → Y)
    (evidence : List (X × Y)) (x : X) (different : rival x ≠ truth x) :
    ¬ Fits rival ((x, truth x) :: evidence)"
47,SocialScience.Learning.conflicting_labels_impossible,Learning,consequence,"If the list assigns distinct labels to the same input, no deterministic hypothesis fits it.",A deterministic function cannot assign two distinct labels to the same input.,Finite labeled list and deterministic hypothesis; exact consistency.,"Deterministic hypotheses, finite labeled lists and exact consistency; no noise model or statistical generalization bound.",B04,F08 Mitchell version-space reasoning. Related Lean version-space properties also occur in the current Cslib module linked in SOURCES.md.,not established,formalization and source-verification dossier,7835157627548823f03f29dd3987e55601807b55,SocialScience/Learning.lean,60,24536459579daf9b64ec1df573ec926bf3aa80f8d27be973c5c8ea66cc532a67,https://github.com/Sodelin/Formalizing-Soft-Sciences/blob/7835157627548823f03f29dd3987e55601807b55/SocialScience/Learning.lean#L60,"theorem conflicting_labels_impossible {X Y : Type} (hypothesis : X → Y)
    (evidence : List (X × Y)) (x : X) (a b : Y)
    (first : (x, a) ∈ evidence) (second : (x, b) ∈ evidence) (different : a ≠ b) :
    ¬ Fits hypothesis evidence"
48,SocialScience.Learning.incorrect_label_excludes_truth,Learning,consequence,An incorrect label excludes the truth function from exact-fitting candidates.,One wrong exact label suffices to remove the truth function from the version space.,Finite labeled list and deterministic hypothesis; exact consistency.,"Deterministic hypotheses, finite labeled lists and exact consistency; no noise model or statistical generalization bound.",B04,F08 Mitchell version-space reasoning. Related Lean version-space properties also occur in the current Cslib module linked in SOURCES.md.,not established,formalization and source-verification dossier,7835157627548823f03f29dd3987e55601807b55,SocialScience/Learning.lean,67,24536459579daf9b64ec1df573ec926bf3aa80f8d27be973c5c8ea66cc532a67,https://github.com/Sodelin/Formalizing-Soft-Sciences/blob/7835157627548823f03f29dd3987e55601807b55/SocialScience/Learning.lean#L67,"theorem incorrect_label_excludes_truth {X Y : Type} (truth : X → Y)
    (evidence : List (X × Y)) (x : X) (label : Y) (wrong : truth x ≠ label) :
    ¬ Fits truth ((x, label) :: evidence)"
49,SocialScience.Learning.duplicate_evidence_same_models,Learning,consequence,Appending the same evidence list to itself changes no exact-fitting candidates.,Repeating identical constraints does not change exact consistency; this does not model repeated independent noisy measurements.,Finite labeled list and deterministic hypothesis; exact consistency.,"Deterministic hypotheses, finite labeled lists and exact consistency; no noise model or statistical generalization bound.",B04,F08 Mitchell version-space reasoning. Related Lean version-space properties also occur in the current Cslib module linked in SOURCES.md.,not established,formalization and source-verification dossier,7835157627548823f03f29dd3987e55601807b55,SocialScience/Learning.lean,74,24536459579daf9b64ec1df573ec926bf3aa80f8d27be973c5c8ea66cc532a67,https://github.com/Sodelin/Formalizing-Soft-Sciences/blob/7835157627548823f03f29dd3987e55601807b55/SocialScience/Learning.lean#L74,"theorem duplicate_evidence_same_models {X Y : Type} (hypothesis : X → Y)
    (evidence : List (X × Y)) :
    Fits hypothesis (evidence ++ evidence) ↔ Fits hypothesis evidence"
50,SocialScience.CollectiveAction.adding_members_preserves_feasibility,CollectiveAction,consequence,Adding members cannot destroy task coverage when capabilities are fixed and uncongested.,Task coverage is monotone when capabilities are fixed and task congestion is absent.,Fixed capabilities; uncongested tasks; integer costs and rewards; zero outside option.,"Fixed uncongested capabilities, integer transfers without sign constraints, zero outside options; no equilibrium or enforcement process.",B05,Project capability/participation model; established set monotonicity and linear feasibility rather than an external open conjecture.,not established,formalization and source-verification dossier,7835157627548823f03f29dd3987e55601807b55,SocialScience/CollectiveAction.lean,17,8d5c400ffecb3715dc53028590cade8a037b10509b27b91f492e9ee946a82152,https://github.com/Sodelin/Formalizing-Soft-Sciences/blob/7835157627548823f03f29dd3987e55601807b55/SocialScience/CollectiveAction.lean#L17,"theorem adding_members_preserves_feasibility {Agent Task : Type}
    {canDo : Agent → Task → Prop} {small large : Agent → Prop}
    (included : ∀ agent, small agent → large agent) (h : Feasible canDo small) :
    Feasible canDo large"
51,SocialScience.CollectiveAction.restricting_members_preserves_acceptance,CollectiveAction,consequence,Removing members preserves the remaining members' participation inequalities when their rewards and costs stay fixed.,Removing agents preserves the retained agents' inequalities with unchanged costs and rewards.,Fixed capabilities; uncongested tasks; integer costs and rewards; zero outside option.,"Fixed uncongested capabilities, integer transfers without sign constraints, zero outside options; no equilibrium or enforcement process.",B05,Project capability/participation model; established set monotonicity and linear feasibility rather than an external open conjecture.,not established,formalization and source-verification dossier,7835157627548823f03f29dd3987e55601807b55,SocialScience/CollectiveAction.lean,25,8d5c400ffecb3715dc53028590cade8a037b10509b27b91f492e9ee946a82152,https://github.com/Sodelin/Formalizing-Soft-Sciences/blob/7835157627548823f03f29dd3987e55601807b55/SocialScience/CollectiveAction.lean#L25,"theorem restricting_members_preserves_acceptance {Agent : Type}
    {cost reward : Agent → Int} {small large : Agent → Prop}
    (included : ∀ agent, small agent → large agent) (h : Accepts cost reward large) :
    Accepts cost reward small"
52,SocialScience.CollectiveAction.union_accepts_iff,CollectiveAction,support,"A union satisfies these inequalities exactly when each component group does, using the same reward and cost functions.",Universal participation inequalities over a union split into the two groups.,Fixed capabilities; uncongested tasks; integer costs and rewards; zero outside option.,"Fixed uncongested capabilities, integer transfers without sign constraints, zero outside options; no equilibrium or enforcement process.",B05,Project capability/participation model; established set monotonicity and linear feasibility rather than an external open conjecture.,not established,formalization and source-verification dossier,7835157627548823f03f29dd3987e55601807b55,SocialScience/CollectiveAction.lean,30,8d5c400ffecb3715dc53028590cade8a037b10509b27b91f492e9ee946a82152,https://github.com/Sodelin/Formalizing-Soft-Sciences/blob/7835157627548823f03f29dd3987e55601807b55/SocialScience/CollectiveAction.lean#L30,"theorem union_accepts_iff {Agent : Type} (cost reward : Agent → Int)
    (first second : Agent → Prop) :
    Accepts cost reward (fun a => first a ∨ second a) ↔
      Accepts cost reward first ∧ Accepts cost reward second"
53,SocialScience.CollectiveAction.indispensable_member_withdrawal,CollectiveAction,endpoint,"If every capable group member for a specified task must be one particular agent, excluding that agent makes coverage impossible.","If every capable group member for a task must be the removed agent, the retained group cannot cover that task.",Fixed capabilities; uncongested tasks; integer costs and rewards; zero outside option.,"Fixed uncongested capabilities, integer transfers without sign constraints, zero outside options; no equilibrium or enforcement process.",B05,Project capability/participation model; established set monotonicity and linear feasibility rather than an external open conjecture.,not established,formalization and source-verification dossier,7835157627548823f03f29dd3987e55601807b55,SocialScience/CollectiveAction.lean,41,8d5c400ffecb3715dc53028590cade8a037b10509b27b91f492e9ee946a82152,https://github.com/Sodelin/Formalizing-Soft-Sciences/blob/7835157627548823f03f29dd3987e55601807b55/SocialScience/CollectiveAction.lean#L41,"theorem indispensable_member_withdrawal {Agent Task : Type}
    (canDo : Agent → Task → Prop) (group : Agent → Prop) (agent : Agent) (task : Task)
    (unique : ∀ other, group other → canDo other task → other = agent) :
    ¬ Feasible canDo (fun other => group other ∧ other ≠ agent)"
54,SocialScience.CollectiveAction.complementary_pair_feasible,CollectiveAction,witness,"In the two-role example, the pair covers both tasks.",Both Boolean specialists together cover the two matching roles.,Fixed capabilities; uncongested tasks; integer costs and rewards; zero outside option.,"Fixed uncongested capabilities, integer transfers without sign constraints, zero outside options; no equilibrium or enforcement process.",B05,Project capability/participation model; established set monotonicity and linear feasibility rather than an external open conjecture.,not established,formalization and source-verification dossier,7835157627548823f03f29dd3987e55601807b55,SocialScience/CollectiveAction.lean,52,8d5c400ffecb3715dc53028590cade8a037b10509b27b91f492e9ee946a82152,https://github.com/Sodelin/Formalizing-Soft-Sciences/blob/7835157627548823f03f29dd3987e55601807b55/SocialScience/CollectiveAction.lean#L52,theorem complementary_pair_feasible : Feasible specialist (fun _ => True)
55,SocialScience.CollectiveAction.no_specialist_alone_feasible,CollectiveAction,witness,Neither specialist alone covers both tasks.,One Boolean specialist cannot cover the other role.,Fixed capabilities; uncongested tasks; integer costs and rewards; zero outside option.,"Fixed uncongested capabilities, integer transfers without sign constraints, zero outside options; no equilibrium or enforcement process.",B05,Project capability/participation model; established set monotonicity and linear feasibility rather than an external open conjecture.,not established,formalization and source-verification dossier,7835157627548823f03f29dd3987e55601807b55,SocialScience/CollectiveAction.lean,56,8d5c400ffecb3715dc53028590cade8a037b10509b27b91f492e9ee946a82152,https://github.com/Sodelin/Formalizing-Soft-Sciences/blob/7835157627548823f03f29dd3987e55601807b55/SocialScience/CollectiveAction.lean#L56,"theorem no_specialist_alone_feasible (agent : Bool) :
    ¬ Feasible specialist (fun other => other = agent)"
56,SocialScience.CollectiveAction.aggregate_surplus_not_participation,CollectiveAction,witness,Costs 1 and 1 with rewards 0 and 3 yield positive aggregate surplus but fail `Ready`.,Total rewards 3 exceed total costs 2 while the agent rewarded zero refuses the stipulated inequality.,Fixed capabilities; uncongested tasks; integer costs and rewards; zero outside option.,"Fixed uncongested capabilities, integer transfers without sign constraints, zero outside options; no equilibrium or enforcement process.",B05,Project capability/participation model; established set monotonicity and linear feasibility rather than an external open conjecture.,not established,formalization and source-verification dossier,7835157627548823f03f29dd3987e55601807b55,SocialScience/CollectiveAction.lean,72,8d5c400ffecb3715dc53028590cade8a037b10509b27b91f492e9ee946a82152,https://github.com/Sodelin/Formalizing-Soft-Sciences/blob/7835157627548823f03f29dd3987e55601807b55/SocialScience/CollectiveAction.lean#L72,"theorem aggregate_surplus_not_participation :
    unitCost false + unitCost true < unequalReward false + unequalReward true ∧
    ¬ Ready specialist unitCost unequalReward (fun _ => True)"
57,SocialScience.CollectiveAction.repaired_allocation_ready,CollectiveAction,witness,Rewards 1 and 2 cover both participation constraints in the feasible pair.,"Rewards (1,2) restore both inequalities while preserving task coverage.",Fixed capabilities; uncongested tasks; integer costs and rewards; zero outside option.,"Fixed uncongested capabilities, integer transfers without sign constraints, zero outside options; no equilibrium or enforcement process.",B05,Project capability/participation model; established set monotonicity and linear feasibility rather than an external open conjecture.,not established,formalization and source-verification dossier,7835157627548823f03f29dd3987e55601807b55,SocialScience/CollectiveAction.lean,81,8d5c400ffecb3715dc53028590cade8a037b10509b27b91f492e9ee946a82152,https://github.com/Sodelin/Formalizing-Soft-Sciences/blob/7835157627548823f03f29dd3987e55601807b55/SocialScience/CollectiveAction.lean#L81,"theorem repaired_allocation_ready :
    Ready specialist unitCost repairedReward (fun _ => True)"
58,SocialScience.CollectiveAction.two_person_budget_iff,CollectiveAction,endpoint,An acceptable division of an unrestricted integer budget exists exactly when it covers both costs in total.,An unrestricted integer transfer exists exactly when total budget covers the sum of costs; share=costA is a witness.,Fixed capabilities; uncongested tasks; integer costs and rewards; zero outside option.,"Fixed uncongested capabilities, integer transfers without sign constraints, zero outside options; no equilibrium or enforcement process.",B05,Project capability/participation model; established set monotonicity and linear feasibility rather than an external open conjecture.,not established,formalization and source-verification dossier,7835157627548823f03f29dd3987e55601807b55,SocialScience/CollectiveAction.lean,88,8d5c400ffecb3715dc53028590cade8a037b10509b27b91f492e9ee946a82152,https://github.com/Sodelin/Formalizing-Soft-Sciences/blob/7835157627548823f03f29dd3987e55601807b55/SocialScience/CollectiveAction.lean#L88,"theorem two_person_budget_iff (costA costB budget : Int) :
    (∃ share : Int, costA ≤ share ∧ costB ≤ budget - share) ↔ costA + costB ≤ budget"
59,SocialScience.CollectiveAction.acceptable_share_interval,CollectiveAction,endpoint,A particular share is acceptable to both exactly when it lies between the first cost and budget minus the second cost.,The acceptable first-agent share lies between costA and budget-costB; no bargaining mechanism is supplied.,Fixed capabilities; uncongested tasks; integer costs and rewards; zero outside option.,"Fixed uncongested capabilities, integer transfers without sign constraints, zero outside options; no equilibrium or enforcement process.",B05,Project capability/participation model; established set monotonicity and linear feasibility rather than an external open conjecture.,not established,formalization and source-verification dossier,7835157627548823f03f29dd3987e55601807b55,SocialScience/CollectiveAction.lean,96,8d5c400ffecb3715dc53028590cade8a037b10509b27b91f492e9ee946a82152,https://github.com/Sodelin/Formalizing-Soft-Sciences/blob/7835157627548823f03f29dd3987e55601807b55/SocialScience/CollectiveAction.lean#L96,"theorem acceptable_share_interval (costA costB budget share : Int) :
    (costA ≤ share ∧ costB ≤ budget - share) ↔
      (costA ≤ share ∧ share ≤ budget - costB)"
60,SocialScience.Aggregation.reversal_cells_valid,Aggregation,integrity,All four example cells have positive denominators and admissible success counts.,Positive denominators and success counts bounded by sample sizes license the rate interpretation.,Synthetic valid counts for rate examples; specified exact observations for identification results.,Synthetic positive-denominator counts; no empirical prevalence claim or universal causal adjustment rule.,B06,"F09 Simpson (1951), sections 8-11, is historical aggregation context. The strict numerical reversal here is a separately constructed example.",not established,formalization and source-verification dossier,7835157627548823f03f29dd3987e55601807b55,SocialScience/Aggregation.lean,10,f46f1a2f29b20757966a3e776561f8864d630f6278c5899fa7fbff3964b90547,https://github.com/Sodelin/Formalizing-Soft-Sciences/blob/7835157627548823f03f29dd3987e55601807b55/SocialScience/Aggregation.lean#L10,"theorem reversal_cells_valid :
    9 ≤ (10 : Nat) ∧ 80 ≤ (100 : Nat) ∧ 20 ≤ (100 : Nat) ∧ 1 ≤ (10 : Nat) ∧
    0 < (10 : Nat) ∧ 0 < (100 : Nat)"
61,SocialScience.Aggregation.first_stratum_advantage,Aggregation,support,A's rate 9/10 exceeds B's rate 80/100 in context 1.,Exact cross multiplication verifies 9/10 > 80/100.,Synthetic valid counts for rate examples; specified exact observations for identification results.,Synthetic positive-denominator counts; no empirical prevalence claim or universal causal adjustment rule.,B06,"F09 Simpson (1951), sections 8-11, is historical aggregation context. The strict numerical reversal here is a separately constructed example.",not established,formalization and source-verification dossier,7835157627548823f03f29dd3987e55601807b55,SocialScience/Aggregation.lean,14,f46f1a2f29b20757966a3e776561f8864d630f6278c5899fa7fbff3964b90547,https://github.com/Sodelin/Formalizing-Soft-Sciences/blob/7835157627548823f03f29dd3987e55601807b55/SocialScience/Aggregation.lean#L14,theorem first_stratum_advantage : Higher 9 10 80 100
62,SocialScience.Aggregation.second_stratum_advantage,Aggregation,support,A's rate 20/100 exceeds B's rate 1/10 in context 2.,Exact cross multiplication verifies 20/100 > 1/10.,Synthetic valid counts for rate examples; specified exact observations for identification results.,Synthetic positive-denominator counts; no empirical prevalence claim or universal causal adjustment rule.,B06,"F09 Simpson (1951), sections 8-11, is historical aggregation context. The strict numerical reversal here is a separately constructed example.",not established,formalization and source-verification dossier,7835157627548823f03f29dd3987e55601807b55,SocialScience/Aggregation.lean,18,f46f1a2f29b20757966a3e776561f8864d630f6278c5899fa7fbff3964b90547,https://github.com/Sodelin/Formalizing-Soft-Sciences/blob/7835157627548823f03f29dd3987e55601807b55/SocialScience/Aggregation.lean#L18,theorem second_stratum_advantage : Higher 20 100 1 10
63,SocialScience.Aggregation.pooled_reversal,Aggregation,support,Pooling produces a higher rate for B: 81/110 versus 29/110.,Exact cross multiplication verifies 81/110 > 29/110 after pooling.,Synthetic valid counts for rate examples; specified exact observations for identification results.,Synthetic positive-denominator counts; no empirical prevalence claim or universal causal adjustment rule.,B06,"F09 Simpson (1951), sections 8-11, is historical aggregation context. The strict numerical reversal here is a separately constructed example.",not established,formalization and source-verification dossier,7835157627548823f03f29dd3987e55601807b55,SocialScience/Aggregation.lean,22,f46f1a2f29b20757966a3e776561f8864d630f6278c5899fa7fbff3964b90547,https://github.com/Sodelin/Formalizing-Soft-Sciences/blob/7835157627548823f03f29dd3987e55601807b55/SocialScience/Aggregation.lean#L22,theorem pooled_reversal : Higher (80 + 1) (100 + 10) (9 + 20) (10 + 100)
64,SocialScience.Aggregation.simpson_reversal,Aggregation,endpoint,The two within-context advantages and their pooled reversal hold together.,Packages the three comparisons into one checked synthetic aggregation reversal.,Synthetic valid counts for rate examples; specified exact observations for identification results.,Synthetic positive-denominator counts; no empirical prevalence claim or universal causal adjustment rule.,B06,"F09 Simpson (1951), sections 8-11, is historical aggregation context. The strict numerical reversal here is a separately constructed example.",not established,formalization and source-verification dossier,7835157627548823f03f29dd3987e55601807b55,SocialScience/Aggregation.lean,26,f46f1a2f29b20757966a3e776561f8864d630f6278c5899fa7fbff3964b90547,https://github.com/Sodelin/Formalizing-Soft-Sciences/blob/7835157627548823f03f29dd3987e55601807b55/SocialScience/Aggregation.lean#L26,"theorem simpson_reversal :
    Higher 9 10 80 100 ∧ Higher 20 100 1 10 ∧
    Higher (80 + 1) (100 + 10) (9 + 20) (10 + 100)"
65,SocialScience.Aggregation.equal_weight_addition_preserves_order,Aggregation,consequence,Adding two integer inequalities with the same unit weights preserves order. This is not a theorem about arbitrary weighted means.,Addition of two integer inequalities; no unequal-rate or causal-adjustment assertion is hidden here.,Synthetic valid counts for rate examples; specified exact observations for identification results.,Synthetic positive-denominator counts; no empirical prevalence claim or universal causal adjustment rule.,B06,"F09 Simpson (1951), sections 8-11, is historical aggregation context. The strict numerical reversal here is a separately constructed example.",not established,formalization and source-verification dossier,7835157627548823f03f29dd3987e55601807b55,SocialScience/Aggregation.lean,32,f46f1a2f29b20757966a3e776561f8864d630f6278c5899fa7fbff3964b90547,https://github.com/Sodelin/Formalizing-Soft-Sciences/blob/7835157627548823f03f29dd3987e55601807b55/SocialScience/Aggregation.lean#L32,"theorem equal_weight_addition_preserves_order (a b c d : Int)
    (first : a ≤ b) (second : c ≤ d) : a + c ≤ b + d"
66,SocialScience.Aggregation.aggregate_cannot_identify_components,Aggregation,reuse,Reuses the proof that a sum-only observation cannot identify both unknown components.,"Direct reuse of baseline_not_identified, not an additional independent non-identification discovery.",Synthetic valid counts for rate examples; specified exact observations for identification results.,Synthetic positive-denominator counts; no empirical prevalence claim or universal causal adjustment rule.,B06,"F09 Simpson (1951), sections 8-11, is historical aggregation context. The strict numerical reversal here is a separately constructed example.",not established,formalization and source-verification dossier,7835157627548823f03f29dd3987e55601807b55,SocialScience/Aggregation.lean,36,f46f1a2f29b20757966a3e776561f8864d630f6278c5899fa7fbff3964b90547,https://github.com/Sodelin/Formalizing-Soft-Sciences/blob/7835157627548823f03f29dd3987e55601807b55/SocialScience/Aggregation.lean#L36,"theorem aggregate_cannot_identify_components :
    ¬ Identifiability.Identified Identifiability.twoComponent (fun probe => probe = false)"
67,SocialScience.Aggregation.recoding_cannot_restore_components,Aggregation,reuse,Any common recoding of that sum still leaves the demonstrated pair indistinguishable.,Instantiates postprocess_preserves_equivalence with the already checked equal-sum pair.,Synthetic valid counts for rate examples; specified exact observations for identification results.,Synthetic positive-denominator counts; no empirical prevalence claim or universal causal adjustment rule.,B06,"F09 Simpson (1951), sections 8-11, is historical aggregation context. The strict numerical reversal here is a separately constructed example.",not established,formalization and source-verification dossier,7835157627548823f03f29dd3987e55601807b55,SocialScience/Aggregation.lean,41,f46f1a2f29b20757966a3e776561f8864d630f6278c5899fa7fbff3964b90547,https://github.com/Sodelin/Formalizing-Soft-Sciences/blob/7835157627548823f03f29dd3987e55601807b55/SocialScience/Aggregation.lean#L41,"theorem recoding_cannot_restore_components {Y : Type} (recode : Int → Y) :
    Identifiability.Equivalent
      (fun p probe => recode (Identifiability.twoComponent p probe))
      (fun probe => probe = false) (1, 0) (0, 1)"
68,ClinicalModels.PublishedCBT.approach_trajectory,PublishedCBT,support,"The pinned transition columns generate start, stimulus, approach, interact over four time points.","The pinned transition columns generate start, stimulus, approach, interact over four time points.","Spider-present deterministic four-time-point fragment, fixed policy and two danger states; symbolic integer weights. Full inference/learning and clinical efficacy are outside the proof.","Spider-present deterministic four-time-point fragment, fixed policy and two danger states; symbolic integer weights. Full inference/learning and clinical efficacy are outside the proof.",Source-derived fragment verification,"Smith, Moutoussis and Bilek (2021), model section/Figure 2, Ineffective CAB interactions, Discussion; upstream CBT_model.m pinned at 82a0a3d.",not established,formalization and source-verification dossier,7835157627548823f03f29dd3987e55601807b55,clinical/ClinicalModels/PublishedCBT.lean,77,7c6ebec30041a15d95c29d717c25acd1473060de416d341bdd73192cabe67515,https://github.com/Sodelin/Formalizing-Soft-Sciences/blob/7835157627548823f03f29dd3987e55601807b55/clinical/ClinicalModels/PublishedCBT.lean#L77,"theorem approach_trajectory : trajectory approachStep =
    [.start, .stimulus, .approach, .interact]"
69,ClinicalModels.PublishedCBT.avoidance_trajectory,PublishedCBT,support,"The pinned avoidance transition columns generate start, stimulus, avoid, safetyCost.","The pinned avoidance transition columns generate start, stimulus, avoid, safetyCost.","Spider-present deterministic four-time-point fragment, fixed policy and two danger states; symbolic integer weights. Full inference/learning and clinical efficacy are outside the proof.","Spider-present deterministic four-time-point fragment, fixed policy and two danger states; symbolic integer weights. Full inference/learning and clinical efficacy are outside the proof.",Source-derived fragment verification,"Smith, Moutoussis and Bilek (2021), model section/Figure 2, Ineffective CAB interactions, Discussion; upstream CBT_model.m pinned at 82a0a3d.",not established,formalization and source-verification dossier,7835157627548823f03f29dd3987e55601807b55,clinical/ClinicalModels/PublishedCBT.lean,80,7c6ebec30041a15d95c29d717c25acd1473060de416d341bdd73192cabe67515,https://github.com/Sodelin/Formalizing-Soft-Sciences/blob/7835157627548823f03f29dd3987e55601807b55/clinical/ClinicalModels/PublishedCBT.lean#L80,"theorem avoidance_trajectory : trajectory avoidStep =
    [.start, .stimulus, .avoid, .safetyCost]"
70,ClinicalModels.PublishedCBT.avoidance_observational_equivalence,PublishedCBT,witness,Safe and dangerous states have identical complete four-modality observations along the declared avoidance trajectory.,Safe and dangerous states have identical complete four-modality observations along the declared avoidance trajectory.,"Spider-present deterministic four-time-point fragment, fixed policy and two danger states; symbolic integer weights. Full inference/learning and clinical efficacy are outside the proof.","Spider-present deterministic four-time-point fragment, fixed policy and two danger states; symbolic integer weights. Full inference/learning and clinical efficacy are outside the proof.",Source-derived fragment verification,"Smith, Moutoussis and Bilek (2021), model section/Figure 2, Ineffective CAB interactions, Discussion; upstream CBT_model.m pinned at 82a0a3d.",not established,formalization and source-verification dossier,7835157627548823f03f29dd3987e55601807b55,clinical/ClinicalModels/PublishedCBT.lean,84,7c6ebec30041a15d95c29d717c25acd1473060de416d341bdd73192cabe67515,https://github.com/Sodelin/Formalizing-Soft-Sciences/blob/7835157627548823f03f29dd3987e55601807b55/clinical/ClinicalModels/PublishedCBT.lean#L84,"theorem avoidance_observational_equivalence :
    observedTrajectory true avoidStep = observedTrajectory false avoidStep"
71,ClinicalModels.PublishedCBT.avoidance_no_perfect_classifier,PublishedCBT,endpoint,The identical trajectory cannot be mapped to the correct danger Boolean for both states by any deterministic classifier.,The identical trajectory cannot be mapped to the correct danger Boolean for both states by any deterministic classifier.,"Spider-present deterministic four-time-point fragment, fixed policy and two danger states; symbolic integer weights. Full inference/learning and clinical efficacy are outside the proof.","Spider-present deterministic four-time-point fragment, fixed policy and two danger states; symbolic integer weights. Full inference/learning and clinical efficacy are outside the proof.",Source-derived fragment verification,"Smith, Moutoussis and Bilek (2021), model section/Figure 2, Ineffective CAB interactions, Discussion; upstream CBT_model.m pinned at 82a0a3d.",not established,formalization and source-verification dossier,7835157627548823f03f29dd3987e55601807b55,clinical/ClinicalModels/PublishedCBT.lean,88,7c6ebec30041a15d95c29d717c25acd1473060de416d341bdd73192cabe67515,https://github.com/Sodelin/Formalizing-Soft-Sciences/blob/7835157627548823f03f29dd3987e55601807b55/clinical/ClinicalModels/PublishedCBT.lean#L88,"theorem avoidance_no_perfect_classifier :
    ¬ ∃ classify : List (Bool × Bool × Affect × Phase) → Bool,
      ∀ dangerous, classify (observedTrajectory dangerous avoidStep) = dangerous"
72,ClinicalModels.PublishedCBT.approach_observations_differ,PublishedCBT,witness,Enumeration finds different observed trajectories under the two states when approach is fixed.,Enumeration finds different observed trajectories under the two states when approach is fixed.,"Spider-present deterministic four-time-point fragment, fixed policy and two danger states; symbolic integer weights. Full inference/learning and clinical efficacy are outside the proof.","Spider-present deterministic four-time-point fragment, fixed policy and two danger states; symbolic integer weights. Full inference/learning and clinical efficacy are outside the proof.",Source-derived fragment verification,"Smith, Moutoussis and Bilek (2021), model section/Figure 2, Ineffective CAB interactions, Discussion; upstream CBT_model.m pinned at 82a0a3d.",not established,formalization and source-verification dossier,7835157627548823f03f29dd3987e55601807b55,clinical/ClinicalModels/PublishedCBT.lean,99,7c6ebec30041a15d95c29d717c25acd1473060de416d341bdd73192cabe67515,https://github.com/Sodelin/Formalizing-Soft-Sciences/blob/7835157627548823f03f29dd3987e55601807b55/clinical/ClinicalModels/PublishedCBT.lean#L99,"theorem approach_observations_differ :
    observedTrajectory true approachStep ≠ observedTrajectory false approachStep"
73,ClinicalModels.PublishedCBT.approach_identifies_state,PublishedCBT,endpoint,"Among these two latent states, equality of the complete fixed approach observations forces equality of the states.","Among these two latent states, equality of the complete fixed approach observations forces equality of the states.","Spider-present deterministic four-time-point fragment, fixed policy and two danger states; symbolic integer weights. Full inference/learning and clinical efficacy are outside the proof.","Spider-present deterministic four-time-point fragment, fixed policy and two danger states; symbolic integer weights. Full inference/learning and clinical efficacy are outside the proof.",Source-derived fragment verification,"Smith, Moutoussis and Bilek (2021), model section/Figure 2, Ineffective CAB interactions, Discussion; upstream CBT_model.m pinned at 82a0a3d.",not established,formalization and source-verification dossier,7835157627548823f03f29dd3987e55601807b55,clinical/ClinicalModels/PublishedCBT.lean,103,7c6ebec30041a15d95c29d717c25acd1473060de416d341bdd73192cabe67515,https://github.com/Sodelin/Formalizing-Soft-Sciences/blob/7835157627548823f03f29dd3987e55601807b55/clinical/ClinicalModels/PublishedCBT.lean#L103,"theorem approach_identifies_state (a b : Bool)
    (same : observedTrajectory a approachStep = observedTrajectory b approachStep) : a = b"
74,ClinicalModels.PublishedCBT.safe_columns_total_mass,PublishedCBT,integrity,"Each reconstructed safe weight column sums to 10*u algebraically, for all integer u,c.","Each reconstructed safe weight column sums to 10*u algebraically, for all integer u,c.","Spider-present deterministic four-time-point fragment, fixed policy and two danger states; symbolic integer weights. Full inference/learning and clinical efficacy are outside the proof.","Spider-present deterministic four-time-point fragment, fixed policy and two danger states; symbolic integer weights. Full inference/learning and clinical efficacy are outside the proof.",Source-derived fragment verification,"Smith, Moutoussis and Bilek (2021), model section/Figure 2, Ineffective CAB interactions, Discussion; upstream CBT_model.m pinned at 82a0a3d.",not established,formalization and source-verification dossier,7835157627548823f03f29dd3987e55601807b55,clinical/ClinicalModels/PublishedCBT.lean,108,7c6ebec30041a15d95c29d717c25acd1473060de416d341bdd73192cabe67515,https://github.com/Sodelin/Formalizing-Soft-Sciences/blob/7835157627548823f03f29dd3987e55601807b55/clinical/ClinicalModels/PublishedCBT.lean#L108,"theorem safe_columns_total_mass (u c : Int) (phase : Phase) :
    mass (implicitSafe u c phase) = 10*u"
75,ClinicalModels.PublishedCBT.danger_columns_total_mass,PublishedCBT,integrity,"Each reconstructed danger weight column sums to 10*u algebraically, for every integer u.","Each reconstructed danger weight column sums to 10*u algebraically, for every integer u.","Spider-present deterministic four-time-point fragment, fixed policy and two danger states; symbolic integer weights. Full inference/learning and clinical efficacy are outside the proof.","Spider-present deterministic four-time-point fragment, fixed policy and two danger states; symbolic integer weights. Full inference/learning and clinical efficacy are outside the proof.",Source-derived fragment verification,"Smith, Moutoussis and Bilek (2021), model section/Figure 2, Ineffective CAB interactions, Discussion; upstream CBT_model.m pinned at 82a0a3d.",not established,formalization and source-verification dossier,7835157627548823f03f29dd3987e55601807b55,clinical/ClinicalModels/PublishedCBT.lean,112,7c6ebec30041a15d95c29d717c25acd1473060de416d341bdd73192cabe67515,https://github.com/Sodelin/Formalizing-Soft-Sciences/blob/7835157627548823f03f29dd3987e55601807b55/clinical/ClinicalModels/PublishedCBT.lean#L112,"theorem danger_columns_total_mass (u : Int) (phase : Phase) :
    mass (implicitDanger u phase) = 10*u"
76,ClinicalModels.PublishedCBT.safe_columns_nonnegative,PublishedCBT,integrity,Positive u and 0 <= c <= 10*u make every component of the safe weights nonnegative.,Positive u and 0 <= c <= 10*u make every component of the safe weights nonnegative.,"Spider-present deterministic four-time-point fragment, fixed policy and two danger states; symbolic integer weights. Full inference/learning and clinical efficacy are outside the proof.","Spider-present deterministic four-time-point fragment, fixed policy and two danger states; symbolic integer weights. Full inference/learning and clinical efficacy are outside the proof.",Source-derived fragment verification,"Smith, Moutoussis and Bilek (2021), model section/Figure 2, Ineffective CAB interactions, Discussion; upstream CBT_model.m pinned at 82a0a3d.",not established,formalization and source-verification dossier,7835157627548823f03f29dd3987e55601807b55,clinical/ClinicalModels/PublishedCBT.lean,116,7c6ebec30041a15d95c29d717c25acd1473060de416d341bdd73192cabe67515,https://github.com/Sodelin/Formalizing-Soft-Sciences/blob/7835157627548823f03f29dd3987e55601807b55/clinical/ClinicalModels/PublishedCBT.lean#L116,"theorem safe_columns_nonnegative (u c : Int) (hu : 0 < u)
    (lower : 0 ≤ c) (upper : c ≤ 10*u) (phase : Phase) :
    Nonnegative (implicitSafe u c phase)"
77,ClinicalModels.PublishedCBT.danger_columns_nonnegative,PublishedCBT,integrity,Positive u makes every component of the fixed danger weights nonnegative.,Positive u makes every component of the fixed danger weights nonnegative.,"Spider-present deterministic four-time-point fragment, fixed policy and two danger states; symbolic integer weights. Full inference/learning and clinical efficacy are outside the proof.","Spider-present deterministic four-time-point fragment, fixed policy and two danger states; symbolic integer weights. Full inference/learning and clinical efficacy are outside the proof.",Source-derived fragment verification,"Smith, Moutoussis and Bilek (2021), model section/Figure 2, Ineffective CAB interactions, Discussion; upstream CBT_model.m pinned at 82a0a3d.",not established,formalization and source-verification dossier,7835157627548823f03f29dd3987e55601807b55,clinical/ClinicalModels/PublishedCBT.lean,121,7c6ebec30041a15d95c29d717c25acd1473060de416d341bdd73192cabe67515,https://github.com/Sodelin/Formalizing-Soft-Sciences/blob/7835157627548823f03f29dd3987e55601807b55/clinical/ClinicalModels/PublishedCBT.lean#L121,"theorem danger_columns_nonnegative (u : Int) (hu : 0 < u) (phase : Phase) :
    Nonnegative (implicitDanger u phase)"
78,ClinicalModels.PublishedCBT.implicit_mappings_equal_at_tenth,PublishedCBT,consequence,Putting c=u makes both symbolic implicit mappings identical at every phase; u>0 supplies the CABi=0.1 interpretation.,Putting c=u makes both symbolic implicit mappings identical at every phase; u>0 supplies the CABi=0.1 interpretation.,"Spider-present deterministic four-time-point fragment, fixed policy and two danger states; symbolic integer weights. Full inference/learning and clinical efficacy are outside the proof.","Spider-present deterministic four-time-point fragment, fixed policy and two danger states; symbolic integer weights. Full inference/learning and clinical efficacy are outside the proof.",Source-derived fragment verification,"Smith, Moutoussis and Bilek (2021), model section/Figure 2, Ineffective CAB interactions, Discussion; upstream CBT_model.m pinned at 82a0a3d.",not established,formalization and source-verification dossier,7835157627548823f03f29dd3987e55601807b55,clinical/ClinicalModels/PublishedCBT.lean,126,7c6ebec30041a15d95c29d717c25acd1473060de416d341bdd73192cabe67515,https://github.com/Sodelin/Formalizing-Soft-Sciences/blob/7835157627548823f03f29dd3987e55601807b55/clinical/ClinicalModels/PublishedCBT.lean#L126,"theorem implicit_mappings_equal_at_tenth (u : Int) (phase : Phase) :
    implicitSafe u u phase = implicitDanger u phase"
79,ClinicalModels.PublishedCBT.approach_implicit_equality_iff,PublishedCBT,endpoint,"Equality of the approach weight columns holds iff c=u; the algebraic theorem has no positivity premise, while its normalized parameter interpretation needs u>0.","Equality of the approach weight columns holds iff c=u; the algebraic theorem has no positivity premise, while its normalized parameter interpretation needs u>0.","Spider-present deterministic four-time-point fragment, fixed policy and two danger states; symbolic integer weights. Full inference/learning and clinical efficacy are outside the proof.","Spider-present deterministic four-time-point fragment, fixed policy and two danger states; symbolic integer weights. Full inference/learning and clinical efficacy are outside the proof.",Source-derived fragment verification,"Smith, Moutoussis and Bilek (2021), model section/Figure 2, Ineffective CAB interactions, Discussion; upstream CBT_model.m pinned at 82a0a3d.",not established,formalization and source-verification dossier,7835157627548823f03f29dd3987e55601807b55,clinical/ClinicalModels/PublishedCBT.lean,131,7c6ebec30041a15d95c29d717c25acd1473060de416d341bdd73192cabe67515,https://github.com/Sodelin/Formalizing-Soft-Sciences/blob/7835157627548823f03f29dd3987e55601807b55/clinical/ClinicalModels/PublishedCBT.lean#L131,"theorem approach_implicit_equality_iff (u c : Int) :
    implicitSafe u c .approach = implicitDanger u .approach ↔ c = u"
80,ClinicalModels.PublishedCBT.avoidance_implicit_columns_equal,PublishedCBT,consequence,Both avoidance-phase implicit columns ignore c and the safe/danger label in this fragment.,Both avoidance-phase implicit columns ignore c and the safe/danger label in this fragment.,"Spider-present deterministic four-time-point fragment, fixed policy and two danger states; symbolic integer weights. Full inference/learning and clinical efficacy are outside the proof.","Spider-present deterministic four-time-point fragment, fixed policy and two danger states; symbolic integer weights. Full inference/learning and clinical efficacy are outside the proof.",Source-derived fragment verification,"Smith, Moutoussis and Bilek (2021), model section/Figure 2, Ineffective CAB interactions, Discussion; upstream CBT_model.m pinned at 82a0a3d.",not established,formalization and source-verification dossier,7835157627548823f03f29dd3987e55601807b55,clinical/ClinicalModels/PublishedCBT.lean,141,7c6ebec30041a15d95c29d717c25acd1473060de416d341bdd73192cabe67515,https://github.com/Sodelin/Formalizing-Soft-Sciences/blob/7835157627548823f03f29dd3987e55601807b55/clinical/ClinicalModels/PublishedCBT.lean#L141,"theorem avoidance_implicit_columns_equal (u c : Int) :
    implicitSafe u c .avoid = implicitDanger u .avoid ∧
    implicitSafe u c .safetyCost = implicitDanger u .safetyCost"
81,ClinicalModels.PublishedCBT.explicit_prior_weights,PublishedCBT,integrity,The two unnormalized prior weights are nonnegative and sum to scale under the specified bounds; normalization is an interpretation.,The two unnormalized prior weights are nonnegative and sum to scale under the specified bounds; normalization is an interpretation.,"Spider-present deterministic four-time-point fragment, fixed policy and two danger states; symbolic integer weights. Full inference/learning and clinical efficacy are outside the proof.","Spider-present deterministic four-time-point fragment, fixed policy and two danger states; symbolic integer weights. Full inference/learning and clinical efficacy are outside the proof.",Source-derived fragment verification,"Smith, Moutoussis and Bilek (2021), model section/Figure 2, Ineffective CAB interactions, Discussion; upstream CBT_model.m pinned at 82a0a3d.",not established,formalization and source-verification dossier,7835157627548823f03f29dd3987e55601807b55,clinical/ClinicalModels/PublishedCBT.lean,147,7c6ebec30041a15d95c29d717c25acd1473060de416d341bdd73192cabe67515,https://github.com/Sodelin/Formalizing-Soft-Sciences/blob/7835157627548823f03f29dd3987e55601807b55/clinical/ClinicalModels/PublishedCBT.lean#L147,"theorem explicit_prior_weights (scale safe : Int) (positive : 0 < scale)
    (lower : 0 ≤ safe) (upper : safe ≤ scale) :
    0 ≤ scale-safe ∧ 0 ≤ safe ∧ (scale-safe)+safe = scale"
82,ClinicalModels.SourceBridge.source_sensory_columns,SourceBridge,integrity,All six phases match the four selected upstream spider/arousal matrices column by column.,All six phases match the four selected upstream spider/arousal matrices column by column.,"Bounded extraction and scaling bridge; no proof of MATLAB/SPM semantics, complete upstream simulation or model selection.","Bounded extraction and scaling bridge; no proof of MATLAB/SPM semantics, complete upstream simulation or model selection.",Source transcription correspondence,"Pinned upstream MATLAB tables extracted without execution, followed by Lean equality checks; source_bridge.py specifies ten matrices and six guards.",not established,formalization and source-verification dossier,7835157627548823f03f29dd3987e55601807b55,clinical/ClinicalModels/SourceBridge.lean,26,16ebf3793ea1880dc35eeffd759f10426bdf5664551a4fc6c9cd8041bc28141d,https://github.com/Sodelin/Formalizing-Soft-Sciences/blob/7835157627548823f03f29dd3987e55601807b55/clinical/ClinicalModels/SourceBridge.lean#L26,"theorem source_sensory_columns (p : Phase) :
    column SourceTables.spiderDanger p = bitColumn (seesSpider p) ∧
    column SourceTables.spiderSafe p = bitColumn (seesSpider p) ∧
    column SourceTables.arousalDanger p = bitColumn (highArousal p) ∧
    column SourceTables.arousalSafe p = bitColumn (highArousal p)"
83,ClinicalModels.SourceBridge.source_affective_columns,SourceBridge,integrity,All six phases match the selected upstream safe/danger affect matrices column by column.,All six phases match the selected upstream safe/danger affect matrices column by column.,"Bounded extraction and scaling bridge; no proof of MATLAB/SPM semantics, complete upstream simulation or model selection.","Bounded extraction and scaling bridge; no proof of MATLAB/SPM semantics, complete upstream simulation or model selection.",Source transcription correspondence,"Pinned upstream MATLAB tables extracted without execution, followed by Lean equality checks; source_bridge.py specifies ten matrices and six guards.",not established,formalization and source-verification dossier,7835157627548823f03f29dd3987e55601807b55,clinical/ClinicalModels/SourceBridge.lean,33,16ebf3793ea1880dc35eeffd759f10426bdf5664551a4fc6c9cd8041bc28141d,https://github.com/Sodelin/Formalizing-Soft-Sciences/blob/7835157627548823f03f29dd3987e55601807b55/clinical/ClinicalModels/SourceBridge.lean#L33,"theorem source_affective_columns (p : Phase) :
    column SourceTables.affectDanger p = affectColumn (affect true p) ∧
    column SourceTables.affectSafe p = affectColumn (affect false p)"
84,ClinicalModels.SourceBridge.source_transition_columns,SourceBridge,integrity,Both reconstructed transition functions match all columns of the selected upstream transition matrices.,Both reconstructed transition functions match all columns of the selected upstream transition matrices.,"Bounded extraction and scaling bridge; no proof of MATLAB/SPM semantics, complete upstream simulation or model selection.","Bounded extraction and scaling bridge; no proof of MATLAB/SPM semantics, complete upstream simulation or model selection.",Source transcription correspondence,"Pinned upstream MATLAB tables extracted without execution, followed by Lean equality checks; source_bridge.py specifies ten matrices and six guards.",not established,formalization and source-verification dossier,7835157627548823f03f29dd3987e55601807b55,clinical/ClinicalModels/SourceBridge.lean,38,16ebf3793ea1880dc35eeffd759f10426bdf5664551a4fc6c9cd8041bc28141d,https://github.com/Sodelin/Formalizing-Soft-Sciences/blob/7835157627548823f03f29dd3987e55601807b55/clinical/ClinicalModels/SourceBridge.lean#L38,"theorem source_transition_columns (p : Phase) :
    column SourceTables.transitionApproach p = phaseColumn (approachStep p) ∧
    column SourceTables.transitionAvoid p = phaseColumn (avoidStep p)"
85,ClinicalModels.SourceBridge.source_implicit_columns,SourceBridge,integrity,Both symbolic weight functions match every selected upstream implicit column after the explicit scaling translation.,Both symbolic weight functions match every selected upstream implicit column after the explicit scaling translation.,"Bounded extraction and scaling bridge; no proof of MATLAB/SPM semantics, complete upstream simulation or model selection.","Bounded extraction and scaling bridge; no proof of MATLAB/SPM semantics, complete upstream simulation or model selection.",Source transcription correspondence,"Pinned upstream MATLAB tables extracted without execution, followed by Lean equality checks; source_bridge.py specifies ten matrices and six guards.",not established,formalization and source-verification dossier,7835157627548823f03f29dd3987e55601807b55,clinical/ClinicalModels/SourceBridge.lean,43,16ebf3793ea1880dc35eeffd759f10426bdf5664551a4fc6c9cd8041bc28141d,https://github.com/Sodelin/Formalizing-Soft-Sciences/blob/7835157627548823f03f29dd3987e55601807b55/clinical/ClinicalModels/SourceBridge.lean#L43,"theorem source_implicit_columns (u c : Int) (p : Phase) :
    column (SourceTables.implicitDanger u c) p = weightsColumn (implicitDanger u p) ∧
    column (SourceTables.implicitSafe u c) p = weightsColumn (implicitSafe u c p)"
