declaration,source_file,meaning,assumptions,limitations,novelty_status,checked_commit
SocialScience.Identifiability.equivalent_refl,SocialScience/Identifiability.lean,A candidate is observationally equivalent to itself.,Exact deterministic predictions over a specified parameter space and probe design.,"No noise, estimation error, or guarantee that candidate mechanisms describe people.",Established elementary content; no priority claim,099908b5d781adc2d5bcdecfe909e57ec75776c4
SocialScience.Identifiability.equivalent_symm,SocialScience/Identifiability.lean,"If A and B are equivalent, B and A are equivalent.",Exact deterministic predictions over a specified parameter space and probe design.,"No noise, estimation error, or guarantee that candidate mechanisms describe people.",Established elementary content; no priority claim,099908b5d781adc2d5bcdecfe909e57ec75776c4
SocialScience.Identifiability.equivalent_trans,SocialScience/Identifiability.lean,Equivalence through a third candidate is transitive.,Exact deterministic predictions over a specified parameter space and probe design.,"No noise, estimation error, or guarantee that candidate mechanisms describe people.",Established elementary content; no priority claim,099908b5d781adc2d5bcdecfe909e57ec75776c4
SocialScience.Identifiability.restrict_design,SocialScience/Identifiability.lean,Candidates equivalent on a larger probe set remain equivalent on a subset.,Exact deterministic predictions over a specified parameter space and probe design.,"No noise, estimation error, or guarantee that candidate mechanisms describe people.",Established elementary content; no priority claim,099908b5d781adc2d5bcdecfe909e57ec75776c4
SocialScience.Identifiability.more_probes_preserve_identification,SocialScience/Identifiability.lean,Expanding an already identifying probe set preserves identification.,Exact deterministic predictions over a specified parameter space and probe design.,"No noise, estimation error, or guarantee that candidate mechanisms describe people.",Established elementary content; no priority claim,099908b5d781adc2d5bcdecfe909e57ec75776c4
SocialScience.Identifiability.postprocess_preserves_equivalence,SocialScience/Identifiability.lean,Applying one common function to equal outputs cannot distinguish them.,Exact deterministic predictions over a specified parameter space and probe design.,"No noise, estimation error, or guarantee that candidate mechanisms describe people.",Established elementary content; no priority claim,099908b5d781adc2d5bcdecfe909e57ec75776c4
SocialScience.Identifiability.baseline_ambiguous,SocialScience/Identifiability.lean,"The sum-only probe gives the same output for component pairs `(1, 0)` and `(0, 1)`.",Exact deterministic predictions over a specified parameter space and probe design.,"No noise, estimation error, or guarantee that candidate mechanisms describe people.",Established elementary content; no priority claim,099908b5d781adc2d5bcdecfe909e57ec75776c4
SocialScience.Identifiability.baseline_not_identified,SocialScience/Identifiability.lean,Therefore the sum-only design does not identify both components over the specified parameter space.,Exact deterministic predictions over a specified parameter space and probe design.,"No noise, estimation error, or guarantee that candidate mechanisms describe people.",Established elementary content; no priority claim,099908b5d781adc2d5bcdecfe909e57ec75776c4
SocialScience.Identifiability.both_probes_identify,SocialScience/Identifiability.lean,Observing both the sum and the first component identifies the ordered pair exactly.,Exact deterministic predictions over a specified parameter space and probe design.,"No noise, estimation error, or guarantee that candidate mechanisms describe people.",Established elementary content; no priority claim,099908b5d781adc2d5bcdecfe909e57ec75776c4
SocialScience.Measurement.common_intercept_preserves_order,SocialScience/Measurement.lean,"With the same intercept, response order and latent order agree in both directions.",Integer additive indicator; unit loading; no random error; theorem-specific intercept or bias premises.,Does not establish construct validity or calibrate an empirical bias bound.,Established elementary content; no priority claim,099908b5d781adc2d5bcdecfe909e57ec75776c4
SocialScience.Measurement.common_intercept_preserves_difference,SocialScience/Measurement.lean,The response difference equals the latent difference when intercepts match.,Integer additive indicator; unit loading; no random error; theorem-specific intercept or bias premises.,Does not establish construct validity or calibrate an empirical bias bound.,Established elementary content; no priority claim,099908b5d781adc2d5bcdecfe909e57ec75776c4
SocialScience.Measurement.shift_invariance,SocialScience/Measurement.lean,Adding a shift to the latent value and subtracting it from the intercept leaves the response unchanged.,Integer additive indicator; unit loading; no random error; theorem-specific intercept or bias premises.,Does not establish construct validity or calibrate an empirical bias bound.,Established elementary content; no priority claim,099908b5d781adc2d5bcdecfe909e57ec75776c4
SocialScience.Measurement.population_shift_invariance,SocialScience/Measurement.lean,The same shift can be made for every person while preserving the entire response function.,Integer additive indicator; unit loading; no random error; theorem-specific intercept or bias premises.,Does not establish construct validity or calibrate an empirical bias bound.,Established elementary content; no priority claim,099908b5d781adc2d5bcdecfe909e57ec75776c4
SocialScience.Measurement.known_intercept_identifies,SocialScience/Measurement.lean,Equal responses with the same specified intercept imply equal latent values.,Integer additive indicator; unit loading; no random error; theorem-specific intercept or bias premises.,Does not establish construct validity or calibrate an empirical bias bound.,Established elementary content; no priority claim,099908b5d781adc2d5bcdecfe909e57ec75776c4
SocialScience.Measurement.anchor_identifies_intercept,SocialScience/Measurement.lean,Equal responses for the same specified latent anchor imply equal intercepts.,Integer additive indicator; unit loading; no random error; theorem-specific intercept or bias premises.,Does not establish construct validity or calibrate an empirical bias bound.,Established elementary content; no priority claim,099908b5d781adc2d5bcdecfe909e57ec75776c4
SocialScience.Measurement.group_intercepts_can_reverse_order,SocialScience/Measurement.lean,A concrete pair of unequal intercepts reverses a latent ordering in the responses.,Integer additive indicator; unit loading; no random error; theorem-specific intercept or bias premises.,Does not establish construct validity or calibrate an empirical bias bound.,Established elementary content; no priority claim,099908b5d781adc2d5bcdecfe909e57ec75776c4
SocialScience.Measurement.bounded_bias_interval,SocialScience/Measurement.lean,"If differential intercept bias lies between `−δ` and `δ`, the latent difference lies within `δ` of the observed difference.",Integer additive indicator; unit loading; no random error; theorem-specific intercept or bias premises.,Does not establish construct validity or calibrate an empirical bias bound.,Established elementary content; no priority claim,099908b5d781adc2d5bcdecfe909e57ec75776c4
SocialScience.Measurement.difference_exceeding_bias_identifies_order,SocialScience/Measurement.lean,An observed difference larger than an upper bound on differential bias establishes the latent ordering.,Integer additive indicator; unit loading; no random error; theorem-specific intercept or bias premises.,Does not establish construct validity or calibrate an empirical bias bound.,Established elementary content; no priority claim,099908b5d781adc2d5bcdecfe909e57ec75776c4
SocialScience.Causality.observational_equivalence,SocialScience/Causality.lean,The two models have exactly the same observational mapping.,Deterministic binary outcome models; observational treatment equals background; stated input information.,"No probability model, causal graph calculus, or general ban on observational identification.",Established elementary content; no priority claim,099908b5d781adc2d5bcdecfe909e57ec75776c4
SocialScience.Causality.intervention_disagreement,SocialScience/Causality.lean,"At treatment true and background false, their intervention outcomes differ.",Deterministic binary outcome models; observational treatment equals background; stated input information.,"No probability model, causal graph calculus, or general ban on observational identification.",Established elementary content; no priority claim,099908b5d781adc2d5bcdecfe909e57ec75776c4
SocialScience.Causality.treatment_effect_numerator,SocialScience/Causality.lean,The treatment-copy model has an effect numerator of 2.,Deterministic binary outcome models; observational treatment equals background; stated input information.,"No probability model, causal graph calculus, or general ban on observational identification.",Established elementary content; no priority claim,099908b5d781adc2d5bcdecfe909e57ec75776c4
SocialScience.Causality.common_cause_numerator,SocialScience/Causality.lean,The background-copy model has an effect numerator of 0.,Deterministic binary outcome models; observational treatment equals background; stated input information.,"No probability model, causal graph calculus, or general ban on observational identification.",Established elementary content; no priority claim,099908b5d781adc2d5bcdecfe909e57ec75776c4
SocialScience.Causality.no_universal_observational_estimator,SocialScience/Causality.lean,No function of this observational mapping returns the correct effect numerator for every candidate binary model.,Deterministic binary outcome models; observational treatment equals background; stated input information.,"No probability model, causal graph calculus, or general ban on observational identification.",Established elementary content; no priority claim,099908b5d781adc2d5bcdecfe909e57ec75776c4
SocialScience.Causality.all_responses_identify,SocialScience/Causality.lean,"If two deterministic models agree for every treatment and background combination, their outcome functions, and hence the models, are equal.",Deterministic binary outcome models; observational treatment equals background; stated input information.,"No probability model, causal graph calculus, or general ban on observational identification.",Established elementary content; no priority claim,099908b5d781adc2d5bcdecfe909e57ec75776c4
SocialScience.Learning.fits_empty,SocialScience/Learning.lean,Every hypothesis fits an empty evidence list.,Finite labeled list and deterministic hypothesis; exact consistency.,"No psychological process, statistical evidence weight, noise tolerance, or generalization guarantee.",Established elementary content; no priority claim,099908b5d781adc2d5bcdecfe909e57ec75776c4
SocialScience.Learning.fits_cons_iff,SocialScience/Learning.lean,Fitting a new observation plus the old list is equivalent to matching the new label and fitting the old list.,Finite labeled list and deterministic hypothesis; exact consistency.,"No psychological process, statistical evidence weight, noise tolerance, or generalization guarantee.",Established elementary content; no priority claim,099908b5d781adc2d5bcdecfe909e57ec75776c4
SocialScience.Learning.fits_append_iff,SocialScience/Learning.lean,Fitting two combined lists is equivalent to fitting each separately.,Finite labeled list and deterministic hypothesis; exact consistency.,"No psychological process, statistical evidence weight, noise tolerance, or generalization guarantee.",Established elementary content; no priority claim,099908b5d781adc2d5bcdecfe909e57ec75776c4
SocialScience.Learning.more_evidence_narrows_models,SocialScience/Learning.lean,Any hypothesis fitting a larger evidence list fits its included sublist.,Finite labeled list and deterministic hypothesis; exact consistency.,"No psychological process, statistical evidence weight, noise tolerance, or generalization guarantee.",Established elementary content; no priority claim,099908b5d781adc2d5bcdecfe909e57ec75776c4
SocialScience.Learning.truth_survives_correct_label,SocialScience/Learning.lean,A truth function that fits the old evidence still fits after one correctly labeled example.,Finite labeled list and deterministic hypothesis; exact consistency.,"No psychological process, statistical evidence weight, noise tolerance, or generalization guarantee.",Established elementary content; no priority claim,099908b5d781adc2d5bcdecfe909e57ec75776c4
SocialScience.Learning.distinguishing_query_eliminates_rival,SocialScience/Learning.lean,A rival that disagrees at a queried input cannot fit evidence containing the truth's label there.,Finite labeled list and deterministic hypothesis; exact consistency.,"No psychological process, statistical evidence weight, noise tolerance, or generalization guarantee.",Established elementary content; no priority claim,099908b5d781adc2d5bcdecfe909e57ec75776c4
SocialScience.Learning.conflicting_labels_impossible,SocialScience/Learning.lean,"If the list assigns distinct labels to the same input, no deterministic hypothesis fits it.",Finite labeled list and deterministic hypothesis; exact consistency.,"No psychological process, statistical evidence weight, noise tolerance, or generalization guarantee.",Established elementary content; no priority claim,099908b5d781adc2d5bcdecfe909e57ec75776c4
SocialScience.Learning.incorrect_label_excludes_truth,SocialScience/Learning.lean,An incorrect label excludes the truth function from exact-fitting candidates.,Finite labeled list and deterministic hypothesis; exact consistency.,"No psychological process, statistical evidence weight, noise tolerance, or generalization guarantee.",Established elementary content; no priority claim,099908b5d781adc2d5bcdecfe909e57ec75776c4
SocialScience.Learning.duplicate_evidence_same_models,SocialScience/Learning.lean,Appending the same evidence list to itself changes no exact-fitting candidates.,Finite labeled list and deterministic hypothesis; exact consistency.,"No psychological process, statistical evidence weight, noise tolerance, or generalization guarantee.",Established elementary content; no priority claim,099908b5d781adc2d5bcdecfe909e57ec75776c4
SocialScience.CollectiveAction.adding_members_preserves_feasibility,SocialScience/CollectiveAction.lean,Adding members cannot destroy task coverage when capabilities are fixed and uncongested.,Fixed capabilities; uncongested tasks; integer costs and rewards; zero outside option.,"Feasibility and participation inequalities do not prove equilibrium, justice, or enforcement.",Established elementary content; no priority claim,099908b5d781adc2d5bcdecfe909e57ec75776c4
SocialScience.CollectiveAction.restricting_members_preserves_acceptance,SocialScience/CollectiveAction.lean,Removing members preserves the remaining members' participation inequalities when their rewards and costs stay fixed.,Fixed capabilities; uncongested tasks; integer costs and rewards; zero outside option.,"Feasibility and participation inequalities do not prove equilibrium, justice, or enforcement.",Established elementary content; no priority claim,099908b5d781adc2d5bcdecfe909e57ec75776c4
SocialScience.CollectiveAction.union_accepts_iff,SocialScience/CollectiveAction.lean,"A union satisfies these inequalities exactly when each component group does, using the same reward and cost functions.",Fixed capabilities; uncongested tasks; integer costs and rewards; zero outside option.,"Feasibility and participation inequalities do not prove equilibrium, justice, or enforcement.",Established elementary content; no priority claim,099908b5d781adc2d5bcdecfe909e57ec75776c4
SocialScience.CollectiveAction.indispensable_member_withdrawal,SocialScience/CollectiveAction.lean,"If every capable group member for a specified task must be one particular agent, excluding that agent makes coverage impossible.",Fixed capabilities; uncongested tasks; integer costs and rewards; zero outside option.,"Feasibility and participation inequalities do not prove equilibrium, justice, or enforcement.",Established elementary content; no priority claim,099908b5d781adc2d5bcdecfe909e57ec75776c4
SocialScience.CollectiveAction.complementary_pair_feasible,SocialScience/CollectiveAction.lean,"In the two-role example, the pair covers both tasks.",Fixed capabilities; uncongested tasks; integer costs and rewards; zero outside option.,"Feasibility and participation inequalities do not prove equilibrium, justice, or enforcement.",Established elementary content; no priority claim,099908b5d781adc2d5bcdecfe909e57ec75776c4
SocialScience.CollectiveAction.no_specialist_alone_feasible,SocialScience/CollectiveAction.lean,Neither specialist alone covers both tasks.,Fixed capabilities; uncongested tasks; integer costs and rewards; zero outside option.,"Feasibility and participation inequalities do not prove equilibrium, justice, or enforcement.",Established elementary content; no priority claim,099908b5d781adc2d5bcdecfe909e57ec75776c4
SocialScience.CollectiveAction.aggregate_surplus_not_participation,SocialScience/CollectiveAction.lean,Costs 1 and 1 with rewards 0 and 3 yield positive aggregate surplus but fail `Ready`.,Fixed capabilities; uncongested tasks; integer costs and rewards; zero outside option.,"Feasibility and participation inequalities do not prove equilibrium, justice, or enforcement.",Established elementary content; no priority claim,099908b5d781adc2d5bcdecfe909e57ec75776c4
SocialScience.CollectiveAction.repaired_allocation_ready,SocialScience/CollectiveAction.lean,Rewards 1 and 2 cover both participation constraints in the feasible pair.,Fixed capabilities; uncongested tasks; integer costs and rewards; zero outside option.,"Feasibility and participation inequalities do not prove equilibrium, justice, or enforcement.",Established elementary content; no priority claim,099908b5d781adc2d5bcdecfe909e57ec75776c4
SocialScience.CollectiveAction.two_person_budget_iff,SocialScience/CollectiveAction.lean,An acceptable division of an unrestricted integer budget exists exactly when it covers both costs in total.,Fixed capabilities; uncongested tasks; integer costs and rewards; zero outside option.,"Feasibility and participation inequalities do not prove equilibrium, justice, or enforcement.",Established elementary content; no priority claim,099908b5d781adc2d5bcdecfe909e57ec75776c4
SocialScience.CollectiveAction.acceptable_share_interval,SocialScience/CollectiveAction.lean,A particular share is acceptable to both exactly when it lies between the first cost and budget minus the second cost.,Fixed capabilities; uncongested tasks; integer costs and rewards; zero outside option.,"Feasibility and participation inequalities do not prove equilibrium, justice, or enforcement.",Established elementary content; no priority claim,099908b5d781adc2d5bcdecfe909e57ec75776c4
SocialScience.Aggregation.reversal_cells_valid,SocialScience/Aggregation.lean,All four example cells have positive denominators and admissible success counts.,Synthetic valid counts for rate examples; specified exact observations for identification results.,"No empirical prevalence claim, causal adjustment rule, or cross-cultural dependence correction.",Established elementary content; no priority claim,099908b5d781adc2d5bcdecfe909e57ec75776c4
SocialScience.Aggregation.first_stratum_advantage,SocialScience/Aggregation.lean,A's rate 9/10 exceeds B's rate 80/100 in context 1.,Synthetic valid counts for rate examples; specified exact observations for identification results.,"No empirical prevalence claim, causal adjustment rule, or cross-cultural dependence correction.",Established elementary content; no priority claim,099908b5d781adc2d5bcdecfe909e57ec75776c4
SocialScience.Aggregation.second_stratum_advantage,SocialScience/Aggregation.lean,A's rate 20/100 exceeds B's rate 1/10 in context 2.,Synthetic valid counts for rate examples; specified exact observations for identification results.,"No empirical prevalence claim, causal adjustment rule, or cross-cultural dependence correction.",Established elementary content; no priority claim,099908b5d781adc2d5bcdecfe909e57ec75776c4
SocialScience.Aggregation.pooled_reversal,SocialScience/Aggregation.lean,Pooling produces a higher rate for B: 81/110 versus 29/110.,Synthetic valid counts for rate examples; specified exact observations for identification results.,"No empirical prevalence claim, causal adjustment rule, or cross-cultural dependence correction.",Established elementary content; no priority claim,099908b5d781adc2d5bcdecfe909e57ec75776c4
SocialScience.Aggregation.simpson_reversal,SocialScience/Aggregation.lean,The two within-context advantages and their pooled reversal hold together.,Synthetic valid counts for rate examples; specified exact observations for identification results.,"No empirical prevalence claim, causal adjustment rule, or cross-cultural dependence correction.",Established elementary content; no priority claim,099908b5d781adc2d5bcdecfe909e57ec75776c4
SocialScience.Aggregation.equal_weight_addition_preserves_order,SocialScience/Aggregation.lean,Adding two integer inequalities with the same unit weights preserves order. This is not a theorem about arbitrary weighted means.,Synthetic valid counts for rate examples; specified exact observations for identification results.,"No empirical prevalence claim, causal adjustment rule, or cross-cultural dependence correction.",Established elementary content; no priority claim,099908b5d781adc2d5bcdecfe909e57ec75776c4
SocialScience.Aggregation.aggregate_cannot_identify_components,SocialScience/Aggregation.lean,Reuses the proof that a sum-only observation cannot identify both unknown components.,Synthetic valid counts for rate examples; specified exact observations for identification results.,"No empirical prevalence claim, causal adjustment rule, or cross-cultural dependence correction.",Established elementary content; no priority claim,099908b5d781adc2d5bcdecfe909e57ec75776c4
SocialScience.Aggregation.recoding_cannot_restore_components,SocialScience/Aggregation.lean,Any common recoding of that sum still leaves the demonstrated pair indistinguishable.,Synthetic valid counts for rate examples; specified exact observations for identification results.,"No empirical prevalence claim, causal adjustment rule, or cross-cultural dependence correction.",Established elementary content; no priority claim,099908b5d781adc2d5bcdecfe909e57ec75776c4
