Period and record,Political object and strategy,What the retrieved evidence permits,What remains open
"Washington, 1895 [S15]",Economic advancement within an unequal citizenship order,Speech accommodates social separation; editorial account reports private legal support,"Correspondence, labor-union relations, and comparative outcomes need archival work"
"Du Bois, 1903 [S16]",Equal citizenship and educational opportunity,Chapter III demands voting rights and civic equality; it is not a blueprint for a separate territorial state,Read The Talented Tenth and later revisions before describing a full leadership theory
"Du Bois, 1919 [S35]",Transnational congress and representation,Report contains multiple positions within Pan-African organizing,Collate newspaper image; extend to 1945 and later economic thought
"Balfour, 1917 [S20]",Imperial commitment concerning a national home,Wording identifies a territorial political project and rights clauses,"Implementation, affected populations, displacement, and alternatives require separate historical study"
"Malcolm X, April and June 1964 [S33; S17]","Community control, independent association, international rights strategy","Electoral, organizational, and international aims coexist","Examine speech variants, correspondence, and later statements before claiming a final position"
"Nkrumah, 1965 [S21]",Continental coordination against economic dependence,Primary argument addresses planning and uneven benefits,Feasibility and counterfactual institutional performance are not established
"King, 1967–1968 [S32; S18]","Domestic equality, antiwar obligation, multiracial economic mobilization",Different scales of obligation coexist; institutional summary records constrained campaign results,Separate King’s plans from the campaign after his death and from causal effectiveness
"Combahee, 1977 [S19]",Black feminist autonomous voice and coalition,Statement rejects reducing political interests to one axis,Study organizational practice and outcomes separately
"Baker, historical profile [S31]",Grassroots leadership and participatory organization,Institutional history adds distributed leadership to the comparison,Read the linked oral histories and organizational records
"Carens, 1987; Fraser, 1995 [S34; S30]",Movement rights; recognition and redistribution,Normative frameworks sharpen questions and evaluative premises,Full-text appraisal remains incomplete
"Getachew, 2019; Appiah interview, 2020 [S29; S26]",International order; cosmopolitan concern with particular attachments,Introduction and interview supply alternative accounts of identity across scale,Full books and rival interpretations remain future readings
"Reed essay; Táíwò, 2022 [S24; S25]",Political-economic critique; representation and elite power,Reed’s argument assessed; Táíwò is a catalog-verified reading lead,Do not attribute detailed claims to an unread book
