from_source,relation,to_source,note
S01,qualifies,S02,Layering does not establish a universal precise ceiling.
S06,extends,S28,Empirical antecedents and correlates of a proposed construct.
S05,alternative-mechanism,S04,Relational familiarity and marker information are different explanations.
S12,challenges-generalization-from,S07,Different community context; neither cancels the other’s local findings.
S10,bounds-generalization-of,S08,Review helps define transport and follow-up questions; not a review including this later study.
S11,qualifies-policy-inference-from,S13,Output gains need not transform broader institutions.
S16,criticizes,S15,Documented historical strategic dispute.
S35,later-text-by-same-author,S16,1919 versus 1903; not a complete developmental account.
S19,supports-compatibility-in-principle,S18,Specific voice and wider coalition can coexist.
S32,contextualizes,S18,International obligations alongside economic mobilization.
S33,same-year-comparison,S17,Community control and wider political strategy.
S29,contextualizes,S21,Worldmaking interpretation versus primary economic argument.
S34,normative-comparison,S26,Migration freedom and cosmopolitan attachment are related but distinct.
S23,cultural-case-alongside,S22,Artist testimony and ethnographic oral-form background.
