source_id,title,author,year,bib_type,publication,doi,url,access_depth,claim_locator,extracted_finding,principal_limitation,accessed_utc
S01,'Dunbar’s number' deconstructed,"Lindenfors, Patrik and Wartel, Andreas and Lind, Johan",2021,article,"Biology Letters 17(5), 20210158",10.1098/rsbl.2021.0158,https://su.diva-portal.org/smash/get/diva2:1738998/FULLTEXT01.pdf,full-text,Results and discussion,Primate extrapolations give imprecise and model-dependent estimates.,Does not establish unlimited personal relationships.,2026-09-28
S02,Calling Dunbar’s Numbers,"Mac Carron, Pádraig and Kaski, Kimmo and Dunbar, Robin",2016,misc,arXiv:1604.02400,,https://arxiv.org/abs/1604.02400,abstract,Abstract,Telephone contacts show layered structure with variation.,Preprint abstract inspected; a communication proxy is not every kind of tie.,2026-09-28
S03,Ingroup favoritism in cooperation: a meta-analysis,"Balliet, Daniel and Wu, Junhui and De Dreu, Carsten K. W.",2014,article,"Psychological Bulletin 140(6), 1556–1581",10.1037/a0037737,https://pubmed.ncbi.nlm.nih.gov/25222635/,abstract,Abstract; PMID 25222635,Published standardized cooperation advantage d=0.32; dependence moderates it.,No full-text bias or effect extraction audit; no new meta-analysis.,2026-09-28
S04,The coevolution of cultural groups and ingroup favoritism,"Efferson, Charles and Lalive, Rafael and Fehr, Ernst",2008,article,"Science 321(5897), 1844–1849",10.1126/science.1155805,https://pubmed.ncbi.nlm.nih.gov/18818361/,abstract,Abstract; PMID 18818361,Markers became informative about behavior in an experimental coordination setting.,Arbitrary laboratory groups do not reproduce racialization or national politics.,2026-09-28
S05,The relational self: an interpersonal social-cognitive theory,"Andersen, Susan M. and Chen, Serena",2002,article,"Psychological Review 109(4), 619–645",10.1037/0033-295X.109.4.619,https://pubmed.ncbi.nlm.nih.gov/12374322/,abstract,Abstract; PMID 12374322,Significant-other representations offer a candidate account of responses to new people.,Theory abstract cannot establish coalition-scale effects.,2026-09-28
S06,Social Identity Complexity: Its Correlates and Antecedents,"Miller, Kevin P. and Brewer, Marilynn B. and Arbuckle, Nathan L.",2009,article,Group Processes & Intergroup Relations 12(1),10.1177/1368430208098778,https://journals.sagepub.com/doi/10.1177/1368430208098778,abstract-and-notes,Abstract and publisher notes,Three studies examine identity complexity and attitudes or antecedents.,Associations and experimental antecedents are distinct causal questions.,2026-09-28
S07,Why Does Ethnic Diversity Undermine Public Goods Provision?,"Habyarimana, James and Humphreys, Macartan and Posner, Daniel N. and Weinstein, Jeremy M.",2007,article,"American Political Science Review 101(4), 709–725",10.1017/S0003055407070499,https://web.mit.edu/posner/www/papers/HHPW.pdf,full-text,Experimental results and conclusion; pp. 719–724,Kampala games favor strategy selection and enforcement explanations over common tastes.,Partner assignment varies; whole-community ethnicity is not randomized.,2026-09-28
S08,Building social cohesion between Christians and Muslims through soccer in post-ISIS Iraq,"Mousa, Salma",2020,article,"Science 369(6505), 866–870",10.1126/science.abb3153,https://poverty-action.org/sites/default/files/publications/Building-social-cohesion-between-Christians-and-Muslims-through-soccer-in-post-ISIS-Iraq.pdf,full-text,p. 868; on-field and off-field results,Collaborative teams improved specified peer behaviors; broader transfer was limited.,Selected male sports participants and context; null transfer is not proof of zero effect.,2026-09-28
S09,Types of Contact: A Field Experiment on Collaborative and Adversarial Caste Integration,"Lowe, Matt",2021,article,"American Economic Review 111(6), 1807–1844",10.1257/aer.20191780,https://topcat.aeaweb.org/articles?id=10.1257/aer.20191780,abstract,Publisher abstract,Collaborative and adversarial cricket contact had different social and trade effects.,Full-text download returned 403; estimates and attrition not independently audited.,2026-09-28
S10,The contact hypothesis re-evaluated,"Paluck, Elizabeth Levy and Green, Seth A. and Green, Donald P.",2019,article,"Behavioural Public Policy 3(2), 129–158",10.1017/bpp.2018.25,https://www.cambridge.org/core/journals/behavioural-public-policy/article/contact-hypothesis-reevaluated/142C913E7FA9E121277B29E994124EC5,full-text,"Inclusion criteria, meta-analysis, and discussion",Delayed randomized contact evidence has uneven population coverage and small-study concerns.,Corpus reflects its search period; not an up-to-2026 census.,2026-09-28
S11,Reshaping Institutions: Evidence on Aid Impacts Using a Preanalysis Plan,"Casey, Katherine and Glennerster, Rachel and Miguel, Edward",2012,article,"Quarterly Journal of Economics 127(4), 1755–1812",10.1093/qje/qje027,https://emiguel.econ.berkeley.edu/assets/miguel_research/8/_Paper__Reshaping_Institutions_-_Evidence__on__Aid__Impacts__Using__a__Pre___Analysis__Plan.pdf,full-text,Abstract; results on family A and family B outcomes; conclusion,Some project gains occurred without sustained changes in broader institutions studied.,One program and observation window; does not show every participatory program fails.,2026-09-28
S12,Collective Action in Diverse Sierra Leone Communities,"Glennerster, Rachel and Miguel, Edward and Rothenberg, Alexander D.",2013,article,"Economic Journal 123(568), 285–316",,https://emiguel.econ.berkeley.edu/wordpress/wp-content/uploads/2021/03/Paper__Collective__Action_in_Diverse_Sierra_Leone_Communities.pdf,full-text,Abstract; empirical results and instrumental-variable discussion,Local diversity did not predict worse public goods in the studied setting.,Historical instrument needs an exclusion restriction; estimates remain context-specific.,2026-09-28
S13,Beyond Markets and States: Polycentric Governance of Complex Economic Systems,"Ostrom, Elinor",2009,misc,Revised Nobel lecture draft; later published in 2010,,https://dlc.dlib.indiana.edu/dlc/bitstreams/0a7a52e6-8cf0-42c3-ae20-776095e6fd1d/download,full-text,"p. 13, design principle 8; wider governance discussion",Nested tasks and multiple decision centers are proposed for complex resource governance.,"The retrieved draft is a theoretical synthesis, not a national regime experiment.",2026-09-28
S14,The Division of Labor in Society,"Durkheim, Émile",1893,book,George Simpson translation (1947); university excerpt,,https://www.d.umn.edu/cla/faculty/jhamlin/4111/Durkheim%20-%20Division%20of%20Labor_files/Durkheim%20-%20Division%20of%20Labor.htm,excerpt,Mechanical and organic solidarity excerpt,Likeness and differentiated interdependence are distinct accounts of solidarity.,Excerpt only; conceptual distinction is not an automatic harmony claim.,2026-09-28
S15,Atlanta Exposition Address,"Washington, Booker T.",1895,misc,18 September; reproduced speech with editorial introduction,,https://teachingamericanhistory.org/document/atlanta-exposition-address/,full-speech-plus-editorial,Speech and separately identified editorial introduction,Public economic cooperation accommodated social separation; editor notes private legal support.,"Private litigation claim rests on editorial account, not inspected correspondence.",2026-09-28
S16,The Souls of Black Folk,"Du Bois, W. E. B.",1903,book,Chapter III: Of Mr. Booker T. Washington and Others,,https://www.gutenberg.org/files/408/408-h/408-h.htm,chapter,"Chapter III, numbered demands near end","Criticism includes voting rights, civic equality, and appropriate education.",One period and chapter cannot represent the full evolution of Du Bois.,2026-09-28
S17,Speech at the OAAU founding rally,{Malcolm X},1964,misc,28 June; reproduced transcript,,https://www.icit-digital.org/articles/malcolm-x-s-speech-at-the-oaau-founding-rally-june-28-1964,full-transcript,"Membership, independent organization, and international linkage passages",Independent Black organization is placed within a wider international strategy.,Programmatic speech; no estimated causal effectiveness.,2026-09-28
S18,Poor People’s Campaign,"{The Martin Luther King, Jr. Research and Education Institute}",,misc,Stanford University historical encyclopedia,,https://kinginstitute.stanford.edu/poor-peoples-campaign,full-entry,Campaign planning and 1968 outcomes,The campaign pursued multiracial economic mobilization and achieved constrained results.,Institutional secondary summary; no matched strategy counterfactual.,2026-09-28
S19,The Combahee River Collective Statement,{Combahee River Collective},1977,misc,Primary statement reproduced by Verso,,https://www.versobooks.com/blogs/news/2866-the-combahee-river-collective-statement,full-statement,Sections 2 and 3,Specific oppression and coalition commitments coexist; separatism is criticized.,"Normative and organizational statement, not an outcome study.",2026-09-28
S20,The Balfour Declaration,"Balfour, Arthur James",1917,misc,2 November; Yale Avalon Project transcription,,https://avalon.law.yale.edu/20th_century/balfour.asp,full-document,Declaration body,Imperial national-home statement with specified rights protections in its wording.,"Text alone does not evaluate implementation, present law, or constitutional alternatives.",2026-09-28
S21,"Neo-Colonialism, the Last Stage of Imperialism","Nkrumah, Kwame",1965,book,Chapter 2: Obstacles to economic progress,,https://www.marxists.org/subject/africa/nkrumah/neo-colonialism/ch02.htm,chapter,"Chapter 2, continental planning and uneven benefits passages",Continental economic coordination is advocated with uneven gains acknowledged.,Primary political argument; the projected alternative was not experimentally tested.,2026-09-28
S22,SUNY Press publishes new edition of classic work on African American toasts,"Gambini, Bert",2024,misc,University at Buffalo; 27 February; interview with Bruce Jackson,,https://www.buffalo.edu/ubnow/stories/2024/02/jackson-toasts.html,full-interview,Interview discussion of toasts and collection,Identifies the oral form relevant to the project’s cultural example.,"This record is an interview, not a claim to have read Jackson’s full book.",2026-09-28
S23,Rappers Reflect on the Enduring Hip-Hop Legacy of Dolemite Comedian Rudy Ray Moore,"Chow, Andrew R.",2019,misc,TIME; 26 October; artist interviews,,https://time.com/5711219/dolemite-is-my-name-rudy-ray-moore-legacy/,full-article,Artist interviews in article body,Named artists describe Moore’s influence.,Interview testimony does not establish a single origin of rap.,2026-09-28
S24,"Afropessimism, or Black Studies as a Class Project","Reed, Adolph, Jr.",,misc,nonsite.org; original essay,,https://nonsite.org/afropessimism-or-black-studies-as-a-class-project/,full-essay,Political-economic critique,Challenges essentialized accounts of racial politics through political-economic argument.,Publication date not confirmed; argument is not a causal effect estimate.,2026-09-28
S25,Elite Capture: How the Powerful Took Over Identity Politics (and Everything Else),"Táíwò, Olúfẹ́mi O.",2022,book,Haymarket Books,,https://next.haymarketbooks.org/books/1850-elite-capture,catalog-only,Publisher catalog,Relevant lead for organizational power and representation.,Full book not assessed; not used as decisive evidence.,2026-09-28
S26,"Kwame Anthony Appiah on Identity, Stories, and Cosmopolitanism","Carroll, Sean and Appiah, Kwame Anthony",2020,misc,Mindscape 83; 10 February; interview transcript,,https://preposterousuniverse.com/podcast/2020/02/10/83-kwame-anthony-appiah-on-identity-stories-and-cosmopolitanism/,full-transcript,Around 1:17:20 and subsequent discussion,Universal concern can coexist with particular attachments in the argument presented.,Interview explains a normative position; does not test political effectiveness.,2026-09-28
S27,The Slave Trade and the Origins of Mistrust in Africa,"Nunn, Nathan and Wantchekon, Leonard",2011,article,"American Economic Review 101(7), 3221–3252",10.1257/aer.101.7.3221,https://lwantche.scholar.princeton.edu/publications/slave-trade-and-origins-mistrust-africa,metadata-and-indexed-abstract,Author metadata; indexed NBER w14783 abstract,Historical exploitation and present trust are investigated empirically.,NBER direct access failed; no full-text identification audit; slave trade is not identical to colonial partition.,2026-09-28
S28,Social Identity Complexity,"Roccas, Sonia and Brewer, Marilynn B.",2002,article,"Personality and Social Psychology Review 6(2), 88–106",10.1207/S15327957PSPR0602_01,https://journals.sagepub.com/doi/10.1207/S15327957PSPR0602_01,indexed-abstract,Indexed abstract; direct page timed out,Perceived overlap among memberships is proposed as a distinct construct.,Theory discovery record only; not a causal organizational result.,2026-09-28
S29,Worldmaking after Empire: The Rise and Fall of Self-Determination,"Getachew, Adom",2019,book,Princeton University Press; introduction,10.1515/9780691184340,https://assets.press.princeton.edu/chapters/i13336.pdf,introduction,"Introduction, international order and federation discussion",Anticolonial projects are interpreted as attempts to reconstruct international order.,Introduction inspected; complete book and underlying archive not assessed.,2026-09-28
S30,From Redistribution to Recognition? Dilemmas of Justice in a 'Post-Socialist' Age,"Fraser, Nancy",1995,article,"New Left Review I/212, 68–93",,https://newleftreview.org/issues/i212/articles/nancy-fraser-from-redistribution-to-recognition-dilemmas-of-justice-in-a-post-socialist-age.pdf,opening-excerpt,Public opening before subscription wall,Recognition and redistribution are framed as related justice problems.,URL returned HTML excerpt; full article not accessed.,2026-09-28
S31,Ella Baker,{SNCC Digital Gateway},,misc,Institutional historical profile,,https://snccdigital.org/people/ella-baker/,full-profile,Organizing approach and grassroots leadership discussion,Profile emphasizes participatory grassroots organizing.,Secondary profile; linked oral histories were not examined.,2026-09-28
S32,Beyond Vietnam: A Time to Break Silence,"King, Martin Luther, Jr.",1967,misc,4 April; Riverside Church; Civil Rights Movement Archive transcript,,https://www.crmvet.org/docs/mlk-viet.htm,full-transcript,Opening reasons; concluding discussion of values and global obligations,"King connects antiwar commitments with poverty, racism, and obligations beyond nationality.","A speech establishes stated commitments, not the effects of that strategy.",2026-09-28
S33,The Ballot or the Bullet,{Malcolm X},1964,misc,April; transcript hosted by Ruhr University Bochum,,https://www.ruhr-uni-bochum.de/gna/Quellensammlung/10/10_malcolmxballotorthebullet_1964.html,full-transcript,"Community economy, voting, and human-rights passages",Community control and international human-rights appeals coexist with electoral demands.,Multiple speech versions exist; no claim this captures every 1964 or later position.,2026-09-28
S34,Aliens and Citizens: The Case for Open Borders,"Carens, Joseph H.",1987,article,"The Review of Politics 49(2), 251–273",10.1017/S0034670500033817,https://www.cambridge.org/core/journals/review-of-politics/article/abs/aliens-and-citizens-the-case-for-open-borders/5B0946DEB5203B576657C506C58F0FD6,publisher-abstract,Abstract and bibliographic record,Liberal theories are used to argue for open borders.,University PDF retrieval failed; no labor-market effect estimate follows from this normative abstract.,2026-09-28
S35,The Pan-African Congress,"Du Bois, W. E. B.",1919,misc,"Cayton’s Weekly, 19 April; reproduced by World History Commons",,https://worldhistorycommons.org/web-dubois-details-1919-pan-african-congress-newspaper-article,retrieved-transcription,Transcription of congress report,Report documents a transnational forum containing differing arguments about rights and representation.,Not collated against newspaper image; hosting page has a Clayton/Cayton spelling inconsistency.,2026-09-28
