source_id,title,year,doi,url,access_depth,claim_locator,tags,source_role
F01,Theory Construction Methodology: A Practical Framework for Building Theories in Psychology,2021,10.1177/1745691620969647,https://pure.uva.nl/ws/files/68321294/1745691620969647.pdf,selected-full-text,Steps 3–5; printed pp. 761–762,project/foundations;topic/theory-construction;access/selected-full-text,Methodological context or formalization precedent; not an empirical effect estimate
F02,Ten simple rules for the computational modeling of behavioral data,2019,10.7554/eLife.49547,https://pubmed.ncbi.nlm.nih.gov/31769410/,abstract-and-figure-captions,Abstract; captions for Boxes 4–7,project/foundations;topic/computational-psychology;access/abstract-and-figure-captions,Methodological context or formalization precedent; not an empirical effect estimate
F03,Measurement Invariance Conventions and Reporting: The State of the Art and Future Directions for Psychological Research,2016,10.1016/j.dr.2016.06.004,https://pubmed.ncbi.nlm.nih.gov/27942093/,abstract,Abstract; PMID 27942093,project/foundations;topic/measurement;access/abstract,Methodological context or formalization precedent; not an empirical effect estimate
F04,Homophily and Contagion Are Generically Confounded in Observational Social Network Studies,2011,10.1177/0049124111404820,https://arxiv.org/abs/1004.4704,selected-full-text,Preprint sections 1–2; identification assumptions,project/foundations;topic/causal-identification;access/selected-full-text,Methodological context or formalization precedent; not an empirical effect estimate
F05,Estimating Causal Peer Influence in Homophilous Social Networks by Inferring Latent Locations,2023,10.1080/01621459.2021.1953506,https://arxiv.org/abs/1607.06565,selected-full-text,2021 preprint revision; sections 2–3 and Theorem 2,project/foundations;topic/causal-identification;access/selected-full-text,Methodological context or formalization precedent; not an empirical effect estimate
F06,Non-Independence of Nations: Revisiting a Centuries-Old Methodological Challenge,2026,10.1177/10693971251375124,https://doi.org/10.1177/10693971251375124,abstract,Publisher abstract; first online 2025-09-01,project/foundations;topic/cross-cultural-methods;access/abstract,Methodological context or formalization precedent; not an empirical effect estimate
F07,Sampling for Cross-Cultural Anthropological Research,n.d.,,https://hraf.yale.edu/advanced-ccc/8.%20Sampling%20for%20Cross-Cultural%20Anthropological%20Research/sampling.html,page-descriptions,Sampling and Galton-problem lesson descriptions; embedded videos not watched,project/foundations;topic/cross-cultural-methods;access/page-descriptions,Methodological context or formalization precedent; not an empirical effect estimate
F08,Machine Learning,1997,,https://www.cs.cmu.edu/~tom/mlbook.html,selected-slides,"Chapter-2 slides at CMU; PDF pages 10, 19, 21 inspected visually",project/foundations;topic/learning-theory;access/selected-slides,Methodological context or formalization precedent; not an empirical effect estimate
F09,The Interpretation of Interaction in Contingency Tables,1951,10.1111/j.2517-6161.1951.tb00088.x,https://doi.org/10.1111/j.2517-6161.1951.tb00088.x,publisher-summary,Publisher summary and bibliographic metadata,project/foundations;topic/aggregation;access/publisher-summary,Methodological context or formalization precedent; not an empirical effect estimate
F10,Voting Theory in the Lean Theorem Prover,2021,10.48550/arXiv.2110.08453,https://arxiv.org/abs/2110.08453,abstract-and-metadata,Primary preprint abstract; corresponds to N02 in prior guide,project/foundations;topic/formalization-prior-work;access/abstract-and-metadata,Methodological context or formalization precedent; not an empirical effect estimate
F11,Validating a Lean Proof,n.d.,,https://lean-lang.org/doc/reference/latest/ValidatingProofs/,official-documentation,Proof validation and printing-axioms sections; online manual newer than pinned toolchain,project/foundations;topic/proof-verification;access/official-documentation,Methodological context or formalization precedent; not an empirical effect estimate
